codigo_reserva;fecha_reserva;fecha_inicio;fecha_fin;estado_reserva;run_reservante;nombre_reservante;es_socio;lugar_nombre;sucursal_nombre;monto_total;monto_pagado;medio_pago;fecha_pago
RES-000001;17-04-25;17-04-25;23-04-25;ejecutada;21099442-4;Luis Contreras;NO;Cabaa 14;Santa Cruz;720000;720000;transferencia;15-04-25
RES-000002;19-12-25;19-12-25;26-12-25;cancelada;7812836-4;Pedro Rojas;SI;Cabaa 12;Santa Cruz;840000;0;;16-12-25
RES-000003;15-05-25;15-05-25;15-05-25 14:00;reservada;20408365-7;Maria Gonzalez;SI;Restaurant 2 X;Providencia;30000;0;;14-05-25
RES-000004;06-12-25;06-12-25;07-12-25;reservada;9269949-8;Ana Silva;SI;Cabaa 7;Santiago Centro;120000;0;;06-12-25
RES-000005;04-07-25;04-07-25 13:00;04-07-25 14:00;ejecutada;20112516-2;Luis Contreras;NO;Salon Eventos 1;Santiago Centro;100000;100000;efectivo;30-06-25
RES-000006;04-06-25;15-06-25;09-06-25;cancelada;12809545-4;Juan Perez;NO;Cabaa 4;Santiago Centro;600000;0;;31-05-25
RES-000007;11-05-25;11-05-25 18:00;11-05-25 19:00;reservada;17503226-6;Juan Perez;SI;Cancha Futbolito Techada;La Florida;35000;0;;08-05-25
RES-000008;20-08-25;20-08-25;22-08-25;reservada;17606228-2;Juan Perez;NO;Cabaa 2;La Florida;240000;0;;18-08-25
RES-000009;10-01-25;10-01-25;19-01-25;reservada;23311403-0;Ana;NO;Cabaa 9;Providencia;1080000;0;;05-01-25
RES-000010;19-08-25;19-08-25;22-08-25;ejecutada;13015768-8;Pedro Rojas;NO;Cabaa 1;Santiago Centro;360000;360000;transferencia;18-08-25
RES-000011;05-04-25;05-04-25 14:00;05-04-25 15:00;reservada;18154120-2;Maria Gonzalez;SI;Salon Eventos 2;La Florida;100000;0;;03-04-25
RES-000012;19-03-25;19-03-25 13:00;19-03-25 14:00;ejecutada;8805000-2;Maria Gonzalez;NO;Cancha Padel Aire Libre;La Florida;25000;25000;transferencia;14-03-25
RES-000013;03-03-25;03-03-25 17:00;03-03-25 18:00;ejecutada;5854603-8;Luis Contreras;SI;Salon Eventos 4;La Florida;100000;100000;tarjeta;01-03-25
RES-000014;07-05-25;07-05-25;12-05-25;ejecutada;12075076-3;Juan Perez;SI;Cabaa 7;Santa Cruz;600000;600000;tarjeta;03-05-25
RES-000015;12-09-25;12-09-25;19-09-25;ejecutada;21296743-2;Pedro Rojas;NO;Cabaa 16;Providencia;840000;840000;transferencia;12-09-25
RES-000016;17-06-25;17-06-25 11:00;17-06-25 12:00;ejecutada;5854603-8;Luis Contreras;SI;Salon Eventos 2;Santiago Centro;100000;100000;tarjeta;14-06-25
RES-000017;01-08-25;01-08-25;03-08-25;ejecutada;21349217-9;Luis Contreras;NO;Cabaa 2;Santa Cruz;240000;240000;transferencia;30-07-25
RES-000018;16-06-25;16-06-25;26-06-25;ejecutada;20713143-1;Luis Contreras;NO;Cabaa 1;Providencia;1200000;1200000;transferencia;12-06-25
RES-000019;04-12-25;04-12-25;10-12-25;cancelada;21099442-4;Luis Contreras;SI;Cabaa 2;Providencia;720000;0;;01-12-25
RES-000020;04-02-25;04-02-25;14-02-25;reservada;6946141-7;Ana Silva;NO;Cabaa 1;Santa Cruz;1200000;0;;02-02-25
RES-000021;15-03-25;15-03-25 17:00;15-03-25 18:00;cancelada;24967582-2;Maria Gonzalez;SI;Salon Eventos 3 X;Santa Cruz;100000;0;;12-03-25
RES-000022;04-01-25;04-01-25 22:00;04-01-25 23:00;reservada;16968310-7;Luis Contreras;NO;Piscina 1;Providencia;20000;0;;02-01-25
RES-000023;13-12-25;13-12-25;21-12-25;ejecutada;21178138-6;Ana Silva;SI;Cabaa 2;La Florida;960000;960000;efectivo;13-12-25
RES-000024;17-08-25;17-08-25;20-08-25;ejecutada;5643136-5;Juan Perez;NO;Cabaa 17;Providencia;360000;360000;efectivo;14-08-25
RES-000025;01-12-25;01-12-25;05-12-25;reservada;18468277-K;Luis Contreras;NO;Cabaa 7;Santa Cruz;480000;0;;29-11-25
RES-000026;07-07-25;07-07-25 18:00;07-07-25 19:00;ejecutada;15795747-3;Ana Silva;NO;Cancha Futbolito Aire Libre;La Florida;25000;25000;efectivo;04-07-25
RES-000027;01-09-25;01-09-25 17:00;01-09-25 18:00;reservada;14582283-1;Luis Contreras;SI;Salon Eventos 1;Santa Cruz;100000;0;efectivo;30-08-25
RES-000028;14-08-25;14-08-25;24-08-25;cancelada;16479158-0;Pedro Rojas;NO;Cabaa 10;La Florida;1200000;0;;13-08-25
RES-000029;19-06-25;19-06-25 19:00;19-06-25 20:00;cancelada;18053720-9;Ana Silva;SI;Cancha Basquetbol Aire Libre;Santa Cruz;25000;0;;16-06-25
RES-000030;02-01-25;02-01-25;09-01-25;reservada;24859483-7;Luis Contreras;SI;Cabaa 16;La Florida;840000;0;;30-12-24
RES-000031;11-12-25;11-12-25 22:00;11-12-25 23:00;ejecutada;19104958-6;Pedro;NO;Cancha Basquetbol Aire Libre;Santa Cruz;25000;25000;tarjeta;09-12-25
RES-000032;02-03-25;02-03-25;08-03-25;ejecutada;13224751-K;Luis Contreras;SI;Cabaa 4;Providencia;720000;720000;efectivo;26-02-25
RES-000033;01-12-25;01-12-25;11-12-25;cancelada;16479158-0;Pedro Rojas;SI;Cabaa 18 X;La Florida;1200000;0;;26-11-25
RES-000034;12-05-25;12-05-25;19-05-25;reservada;7686256-7;Luis Contreras;NO;Cabaa 10;Santa Cruz;840000;0;;11-05-25
RES-000035;16-06-25;16-06-25 09:00;16-06-25 10:00;ejecutada;20713143-1;Luis Contreras;NO;Salon Eventos 1;Providencia;100000;100000;transferencia;11-06-25
RES-000036;12-04-25;12-04-25;21-04-25;ejecutada;17263289-0;Juan Perez;NO;Cabaa 1;Providencia;1080000;1080000;efectivo;10-04-25
RES-000037;02-02-25;02-02-25 17:00;02-02-25 18:00;reservada;22156789-7;Luis;NO;Restaurant 1;Providencia;30000;0;;29-01-25
RES-000038;14-12-25;14-12-25;23-12-25;reservada;15838325-K;Maria Gonzalez;SI;Cabaa 6;La Florida;1080000;0;;09-12-25
RES-000039;11-06-25;11-06-25;12-06-25;ejecutada;21743846-2;Pedro Rojas;SI;Cabaa 19;Santiago Centro;120000;120000;transferencia;09-06-25
RES-000040;02-01-25;02-01-25 18:00;02-01-25 19:00;cancelada;14155657-6;Pedro Rojas;SI;Cancha Futbolito Aire Libre;Santiago Centro;25000;0;;02-01-25
RES-000041;10-12-25;10-12-25 11:00;10-12-25 12:00;ejecutada;21947907-7;Maria Gonzalez;NO;Salon Eventos 4;Providencia;100000;100000;efectivo;08-12-25
RES-000042;06-10-25;06-10-25;16-10-25;ejecutada;23498184-6;Juan Perez;SI;Cabaa 11;Providencia;1200000;1200000;tarjeta;03-10-25
RES-000043;02-10-25;02-10-25 09:00;02-10-25 10:00;ejecutada;10837704-6;Pedro Rojas;SI;Cancha Padel Aire Libre;Santiago Centro;25000;25000;transferencia;01-10-25
RES-000044;04-12-25;04-12-25;12-12-25;ejecutada;6807678-1;Pedro Rojas;NO;Cabaa 18;La Florida;960000;960000;efectivo;29-11-25
RES-000045;13-11-25;13-11-25 15:00;13-11-25 16:00;reservada;21156024-K;Maria Gonzalez;SI;Salon Eventos 3;Santa Cruz;100000;0;;08-11-25
RES-000046;14-11-25;14-11-25 10:00;14-11-25 11:00;reservada;13098747-8;Ana Silva;NO;Salon Eventos 4;La Florida;100000;0;;11-11-25
RES-000047;04-07-25;04-07-25;04-07-25 23:00;reservada;9680719-0;Ana Silva;SI;Salon Eventos 2;Santiago Centro;100000;0;;02-07-25
RES-000048;14-01-25;14-01-25 11:00;14-01-25 12:00;reservada;9381544-0;Pedro Rojas;NO;Salon Eventos 2;La Florida;100000;0;;14-01-25
RES-000049;14-06-25;14-06-25 11:00;14-06-25 12:00;reservada;7781298-9;Pedro Rojas;SI;Cancha Tenis Aire Libre;Santiago Centro;25000;0;;13-06-25
RES-000050;28-07-26;30-07-26 17:00;01-08-26 17:00;reservada;18776636-2;Pedro Rojas;NO;Cabaa 1;Santiago Centro;240000;0;;01-01-25
RES-000051;15-07-25;15-07-25 08:00;15-07-25 09:00;reservada;16276138-2;Ana Silva;SI;Cancha Padel Aire Libre;Santa Cruz;25000;0;;11-07-25
RES-000052;12-06-25;12-06-25 10:00;12-06-25 11:00;reservada;19020373-5;Juan Perez;NO;Piscina 1;Santiago Centro;20000;0;;07-06-25
RES-000053;13-12-25;13-12-25;13-12-25 22:00;reservada;9487250-7;Ana Silva;NO;Piscina 1;Providencia;20000;0;;11-12-25
RES-000054;13-01-25;13-01-25;19-01-25;reservada;20928234-8;Pedro Rojas;SI;Cabaa 5;Santa Cruz;720000;0;;09-01-25
RES-000055;16-02-25;16-02-25 18:00;16-02-25 19:00;cancelada;9269949-8;Ana Silva;NO;Restaurant 1;Providencia;30000;0;;13-02-25
RES-000056;10-04-25;10-04-25 16:00;10-04-25 17:00;reservada;6835621-0;Luis Contreras;NO;Restaurant 2;Santiago Centro;30000;0;;07-04-25
RES-000057;14-05-25;14-05-25 21:00;14-05-25 22:00;ejecutada;19727843-9;Luis Contreras;SI;Cancha Basquetbol Aire Libre;Providencia;25000;25000;tarjeta;10-05-25
RES-000058;09-10-25;09-10-25;10-10-25;reservada;21454860-7;Ana Silva;NO;Cabaa 19;La Florida;120000;0;;08-10-25
RES-000059;08-09-25;08-09-25;11-09-25;reservada;17647891-8;Maria Gonzalez;SI;Cabaa 2;La Florida;360000;0;;05-09-25
RES-000060;08-06-25;08-06-25 20:00;08-06-25 21:00;reservada;9087517-5;Pedro Rojas;NO;Cancha Tenis Techada;Santiago Centro;35000;0;;06-06-25
RES-000061;14-11-25;14-11-25;22-11-25;ejecutada;17623443-1;Maria Gonzalez;SI;Cabaa 8;Providencia;960000;960000;efectivo;11-11-25
RES-000062;07-12-25;07-12-25;14-12-25;ejecutada;20112516-2;Luis Contreras;NO;Cabaa 14;Santiago Centro;840000;840000;tarjeta;02-12-25
RES-000063;13-10-25;13-10-25 19:00;13-10-25 20:00;cancelada;12192627-K;Pedro Rojas;NO;Salon Eventos 1;Santa Cruz;100000;0;;12-10-25
RES-000064;14-03-25;14-03-25;23-03-25;ejecutada;20328291-5;Juan Perez;SI;Cabaa 4;Santa Cruz;1080000;1080000;efectivo;09-03-25
RES-000065;15//25;15-05-25;19-05-25;reservada;9381544-0;Pedro Rojas;NO;Cabaa 11;La Florida;480000;0;;14-05-25
RES-000066;17-07-25;17-07-25 18:00;17-07-25 19:00;cancelada;13233936-8;Maria Gonzalez;NO;Piscina 1;Santiago Centro;20000;0;;16-07-25
RES-000067;11-02-25;11-02-25 08:00;11-02-25 09:00;reservada;7989270-K;Maria Gonzalez;SI;Cancha Padel Techada;La Florida;35000;0;;11-02-25
RES-000068;08-05-25;08-05-25;17-05-25;reservada;8267419-5;Pedro Rojas;SI;Cabaa 9;Providencia;1080000;0;;03-05-25
RES-000069;17-01-25;17-01-25;21-01-25;ejecutada;22966221-K;Maria Gonzalez;SI;Cabaa 12;Santa Cruz;480000;480000;transferencia;17-01-25
RES-000070;07-12-25;07-12-25;11-12-25;reservada;5779517-4;Luis Contreras;SI;Cabaa 5;Santa Cruz;480000;0;;04-12-25
RES-000071;15-06-25;15-06-25;20-06-25;reservada;11086191-5;Ana Silva;NO;Cabaa 3;Santiago Centro;600000;0;;11-06-25
RES-000072;03-10-25;03-10-25 22:00;03-10-25 23:00;ejecutada;10216723-6;Juan Perez;NO;Cancha Futbolito Aire Libre;Santa Cruz;25000;25000;efectivo;02-10-25
RES-000073;09-06-25;09-06-25 17:00;09-06-25 18:00;ejecutada;12592948-6;Ana Silva;SI;Cancha Futbolito Aire Libre;La Florida;25000;25000;tarjeta;06-06-25
RES-000074;01-03-25;01-03-25;02-03-25;reservada;12887828-9;Maria Gonzalez;NO;Cabaa 3;Providencia;120000;0;;26-02-25
RES-000075;06-01-25;06-01-25;16-01-25;ejecutada;8991172-9;Juan Perez;NO;Cabaa 5;Santiago Centro;1200000;1200000;tarjeta;03-01-25
RES-000076;01-04-25;01-04-25 09:00;01-04-25 10:00;cancelada;13547030-0;Ana Silva;SI;Salon Eventos 2;La Florida;100000;0;;30-03-25
RES-000077;08-07-25;08-07-25;08-07-25 14:00;cancelada;23046980-0;Luis Contreras;SI;Cancha Tenis Aire Libre;Providencia;25000;0;;04-07-25
RES-000078;17-06-25;17-06-25 14:00;17-06-25 15:00;ejecutada;7500349-8;Pedro Rojas;NO;Salon Eventos 4;La Florida;100000;100000;efectivo;13-06-25
RES-000079;10-07-25;10-07-25;20-07-25;cancelada;20642956-9;Ana Silva;NO;Cabaa 3;Providencia;1200000;0;;09-07-25
RES-000080;06-10-25;06-10-25;15-10-25;ejecutada;20229991-1;Ana Silva;SI;Cabaa 3;Providencia;1080000;1080000;transferencia;01-10-25
RES-000081;04-06-25;04-06-25;07-06-25;cancelada;22156789-7;Luis Contreras;NO;Cabaa 12;Santiago Centro;360000;0;;31-05-25
RES-000082;09-11-25;09-11-25;19-11-25;cancelada;24949712-6;Luis Contreras;SI;Cabaa 10;Santa Cruz;1200000;0;transferencia;07-11-25
RES-000083;10-07-25;10-07-25 21:00;10-07-25 22:00;ejecutada;15804334-3;Luis Contreras;SI;Cancha Futbolito Techada;Providencia;35000;35000;transferencia;08-07-25
RES-000084;06-06-25;06-06-25;06-06-25 09:00;ejecutada;9706683-3;Ana Silva;SI;Cancha Futbolito Techada X;Santiago Centro;35000;35000;transferencia;06-06-25
RES-000085;10-12-25;10-12-25;11-12-25;reservada;22156789-7;Luis Contreras;NO;Cabaa 7;Santiago Centro;120000;0;;05-12-25
RES-000086;18-04-25;18-04-25;23-04-25;ejecutada;13734270-7;Luis Contreras;NO;Cabaa 13;La Florida;600000;600000;efectivo;14-04-25
RES-000087;19-07-25;19-07-25;29-07-25;reservada;10645717-4;Pedro Rojas;NO;Cabaa 2;Providencia;1200000;0;;15-07-25
RES-000088;09-04-25;09-04-25;12-04-25;cancelada;19443419-7;Pedro Rojas;NO;Cabaa 16;Santiago Centro;360000;0;;07-04-25
RES-000089;12-11-25;12-11-25 08:00;12-11-25 09:00;ejecutada;13981951-9;Ana Silva;NO;Cancha Futbolito Techada;Santa Cruz;35000;35000;efectivo;11-11-25
RES-000090;08-06-25;08-06-25 15:00;08-06-25 16:00;cancelada;9269949-8;Ana Silva;NO;Cancha Padel Aire Libre;Santa Cruz;25000;0;;04-06-25
RES-000091;01-12-25;01-12-25;10-12-25;cancelada;19208091-6;Maria Gonzalez;NO;Cabaa 16;La Florida;1080000;0;;29-11-25
RES-000092;12-08-25;12-08-25;16-08-25;ejecutada;19443419-7;Pedro Rojas;NO;Cabaa 18;Providencia;480000;480000;transferencia;11-08-25
RES-000093;15-03-25;15-03-25;17-03-25;reservada;10216723-6;Juan Perez;NO;Cabaa 6;Santiago Centro;240000;0;;14-03-25
RES-000094;14-08-25;14-08-25;16-08-25;cancelada;21351051-7;Ana Silva;NO;Cabaa 11;Santa Cruz;240000;0;;11-08-25
RES-000095;01-10-25;01-10-25;03-10-25;ejecutada;15916589-2;Luis Contreras;NO;Cabaa 20;Santiago Centro;240000;240000;transferencia;30-09-25
RES-000096;13-09-25;13-09-25;17-09-25;ejecutada;15499152-2;Maria Gonzalez;NO;Cabaa 8;La Florida;480000;480000;tarjeta;12-09-25
RES-000097;06-01-25;06-01-25;10-01-25;cancelada;22307110-4;Luis Contreras;SI;Cabaa 2;Providencia;480000;0;;05-01-25
RES-000098;11-07-25;11-07-25;15-07-25;ejecutada;20194778-2;Ana Silva;SI;Cabaa 7;Santa Cruz;480000;480000;transferencia;11-07-25
RES-000099;17-09-25;17-09-25 09:00;17-09-25 10:00;reservada;9203394-5;Luis Contreras;SI;Piscina 2;Santa Cruz;20000;0;;14-09-25
RES-000100;03-06-25;03-06-25;03-06-25 18:00;cancelada;11483413-0;Ana Silva;SI;Salon Eventos 4;Santa Cruz;100000;0;;02-06-25
RES-000101;04-05-25;04-05-25;12-05-25;cancelada;10645717-4;Pedro Rojas;SI;Cabaa 11;Santa Cruz;960000;0;;30-04-25
RES-000102;07-11-25;07-11-25;08-11-25;ejecutada;16012079-7;Ana Silva;SI;Cabaa 3;Santiago Centro;120000;120000;tarjeta;02-11-25
RES-000103;15-01-25;15-01-25 11:00;15-01-25 12:00;reservada;6858349-7;Luis Contreras;NO;Cancha Basquetbol Aire Libre;La Florida;25000;0;;13-01-25
RES-000104;05-12-25;05-12-25;11-12-25;reservada;5983819-9;Ana Silva;NO;Cabaa 12;La Florida;720000;0;;05-12-25
RES-000105;14-05-25;14-05-25 19:00;14-05-25 20:00;cancelada;5204506-1;Ana Silva;SI;Salon Eventos 3;Providencia;100000;0;;11-05-25
RES-000106;15-10-25;15-10-25 17:00;15-10-25 18:00;ejecutada;8442882-5;Ana Silva;NO;Salon Eventos 3;Providencia;100000;100000;tarjeta;13-10-25
RES-000107;12-12-25;12-12-25 22:00;12-12-25 23:00;cancelada;15047491-4;Ana Silva;NO;Cancha Padel Techada;Santiago Centro;35000;0;;10-12-25
RES-000108;14-06-25;14-06-25 17:00;14-06-25 18:00;ejecutada;17623443-1;Maria Gonzalez;SI;Piscina 1;Santa Cruz;20000;20000;transferencia;12-06-25
RES-000109;15-10-25;15-10-25 18:00;15-10-25 19:00;ejecutada;16825005-3;Ana Silva;SI;Piscina 1;Santa Cruz;20000;20000;efectivo;11-10-25
RES-000110;07-11-25;07-11-25;17-11-25;cancelada;24639890-9;Luis Contreras;SI;Cabaa 15;Santiago Centro;1200000;0;;04-11-25
RES-000111;01-01-25;01-01-25;08-01-25;ejecutada;12013508-2;Ana Silva;NO;Cabaa 13;Santa Cruz;840000;840000;tarjeta;28-12-24
RES-000112;02-10-25;02-10-25;/05/25;cancelada;6642396-4;Maria Gonzalez;SI;Cabaa 2;Santiago Centro;840000;0;;29-09-25
RES-000113;02-01-25;02-01-25 20:00;02-01-25 21:00;reservada;13650113-5;Pedro Rojas;NO;Cancha Futbolito Techada;Santiago Centro;35000;0;;01-01-25
RES-000114;10-10-25;10-10-25 17:00;10-10-25 18:00;ejecutada;18565989-5;Luis Contreras;NO;Cancha Basquetbol Aire Libre;Providencia;25000;25000;tarjeta;07-10-25
RES-000115;07-02-25;07-02-25 12:00;07-02-25 13:00;reservada;6951223-2;Maria Gonzalez;SI;Piscina 2;La Florida;20000;0;;06-02-25
RES-000116;09-07-25;09-07-25;15-07-25;ejecutada;8267419-5;Pedro Rojas;NO;Cabaa 15;Santa Cruz;720000;720000;tarjeta;09-07-25
RES-000117;05-08-25;05-08-25 22:00;05-08-25 23:00;cancelada;13203913-5;Maria Gonzalez;SI;Cancha Futbolito Techada;Santiago Centro;35000;0;;31-07-25
RES-000118;11-01-25;11-01-25;19-01-25;ejecutada;9087517-5;Pedro Rojas;SI;Cabaa 2;Santa Cruz;960000;960000;transferencia;06-01-25
RES-000119;20-01-25;20-01-25 18:00;20-01-25 19:00;cancelada;6504014-K;Luis Contreras;SI;Cancha Tenis Techada;Santa Cruz;35000;0;;18-01-25
RES-000120;09-08-25;09-08-25 17:00;09-08-25 18:00;ejecutada;13288053-0;Luis Contreras;NO;Salon Eventos 4;Santiago Centro;100000;100000;tarjeta;09-08-25
RES-000121;20-04-25;20-04-25 15:00;20-04-25 16:00;cancelada;19197001-2;Ana Silva;SI;Cancha Tenis Techada;La Florida;35000;0;;15-04-25
RES-000122;18-05-25;18-05-25 09:00;18-05-25 10:00;reservada;22388037-1;Luis Contreras;SI;Cancha Basquetbol Aire Libre X;Providencia;25000;0;;18-05-25
RES-000123;07-01-25;07-01-25 22:00;07-01-25 23:00;reservada;6126625-9;Maria Gonzalez;NO;Piscina 2;Santiago Centro;20000;0;;04-01-25
RES-000124;03-10-25;03-10-25;05-10-25;reservada;5475559-7;Luis Contreras;NO;Cabaa 9;Santa Cruz;240000;0;;30-09-25
RES-000125;18-08-25;18-08-25 08:00;18-08-25 09:00;cancelada;16257735-2;Maria Gonzalez;NO;Cancha Padel Aire Libre;Providencia;25000;0;;13-08-25
RES-000126;05-01-25;05-01-25 22:00;05-01-25 23:00;cancelada;17049622-1;Pedro Rojas;NO;Cancha Tenis Techada;Providencia;35000;0;;31-12-24
RES-000127;04-06-25;04-06-25 15:00;04-06-25 16:00;reservada;7997541-9;Ana Silva;SI;Piscina 1;Santiago Centro;20000;0;;04-06-25
RES-000128;18-10-25;18-10-25;19-10-25;reservada;15600733-1;Luis Contreras;SI;Cabaa 17;Santiago Centro;120000;0;;16-10-25
RES-000129;18-01-25;18-01-25;23-01-25;cancelada;17877832-3;Pedro Rojas;SI;Cabaa 19;Santa Cruz;600000;0;;18-01-25
RES-000130;09-02-25;09-02-25 20:00;09-02-25 21:00;reservada;17623443-1;Maria Gonzalez;NO;Cancha Futbolito Aire Libre;Santa Cruz;25000;0;;04-02-25
RES-000131;08-12-25;08-12-25 19:00;08-12-25 20:00;cancelada;21217431-9;Juan Perez;NO;Restaurant 2;Santiago Centro;30000;0;;03-12-25
RES-000132;11-08-25;11-08-25;16-08-25;cancelada;15115625-8;Juan Perez;SI;Cabaa 13;Providencia;600000;0;;09-08-25
RES-000133;06-06-25;06-06-25;10-06-25;reservada;9087517-5;Pedro Rojas;SI;Cabaa 8;Santiago Centro;480000;0;;04-06-25
RES-000134;09-01-25;09-01-25 12:00;09-01-25 13:00;cancelada;11450455-6;Luis Contreras;SI;Salon Eventos 2;Santa Cruz;100000;0;;04-01-25
RES-000135;04-05-25;04-05-25;13-05-25;ejecutada;13505604-9;Ana Silva;NO;Cabaa 5;Santiago Centro;1080000;1080000;transferencia;01-05-25
RES-000136;02-10-25;02-10-25 09:00;02-10-25 10:00;reservada;6504014-K;Luis Contreras;SI;Cancha Futbolito Aire Libre;La Florida;25000;0;;28-09-25
RES-000137;19-02-25;19-02-25;24-02-25;cancelada;5135966-6;Pedro Rojas;SI;Cabaa 5;Santiago Centro;600000;0;;19-02-25
RES-000138;02-08-25;02-08-25;05-08-25;ejecutada;22110547-8;Maria Gonzalez;SI;Cabaa 20;Santa Cruz;360000;360000;efectivo;29-07-25
RES-000139;01-03-25;01-03-25;10-03-25;cancelada;15954986-0;Maria Gonzalez;NO;Cabaa 11;Providencia;1080000;0;;26-02-25
RES-000140;19-01-25;19-01-25 14:00;19-01-25 15:00;ejecutada;6085414-9;Maria Gonzalez;NO;Cancha Padel Techada;Santiago Centro;35000;35000;transferencia;18-01-25
RES-000141;06-10-25;06-10-25;10-10-25;reservada;7479790-3;Luis Contreras;NO;Cabaa 12;Santiago Centro;480000;0;;04-10-25
RES-000142;16-06-25;16-06-25;21-06-25;ejecutada;23939713-1;Pedro Rojas;SI;Cabaa 2 X;La Florida;600000;600000;efectivo;11-06-25
RES-000143;13-07-25;13-07-25 22:00;13-07-25 23:00;reservada;13914038-9;Luis Contreras;SI;Cancha Tenis Aire Libre;Santiago Centro;25000;0;;09-07-25
RES-000144;09-01-25;09-01-25;11-01-25;cancelada;18754494-7;Maria Gonzalez;SI;Cabaa 8;La Florida;240000;0;;09-01-25
RES-000145;16-09-25;16-09-25 14:00;16-09-25 15:00;reservada;17914991-5;Maria Gonzalez;SI;Piscina 1;Providencia;20000;0;;12-09-25
RES-000146;17-09-25;17-09-25;26-09-25;cancelada;19652678-1;Juan Perez;SI;Cabaa 14;Providencia;1080000;0;;17-09-25
RES-000147;31/02/25;02-03-25;08-03-25;cancelada;16825005-5;Ana Silva;NO;Cabaa 3;Santiago Centro;720000;0;;01-03-25
RES-000148;17-12-25;17-12-25 10:00;17-12-25 11:00;cancelada;18053720-1;Ana Silva;SI;Cancha Tenis Techada;Santa Cruz;35000;0;;14-12-25
RES-000149;08-11-25;08-11-25;09-11-25;cancelada;19544570-2;Maria Gonzalez;SI;Cabaa 14 X;Santiago Centro;120000;0;;07-11-25
RES-000150;09-11-25;09-11-25;17-11-25;cancelada;12341381-4;Luis Contreras;NO;Cabaa 6;Santa Cruz;960000;0;;04-11-25
RES-000151;20-03-25;20-03-25;22-03-25;reservada;18646254-8;Pedro Rojas;NO;Cabaa 2;La Florida;240000;0;;20-03-25
RES-000152;15-07-25;15-07-25;25-07-25;ejecutada;14756759-6;Juan;SI;Cabaa 3;Santa Cruz;1200000;1200000;transferencia;13-07-25
RES-000153;03-11-25;03-11-25 11:00;03-11-25 12:00;reservada;12875377-K;Maria Gonzalez;NO;Cancha Tenis Aire Libre;Providencia;25000;0;;03-11-25
RES-000154;06-11-25;06-11-25;12-11-25;ejecutada;12922397-9;Maria Gonzalez;SI;Cabaa 10;Santa Cruz;720000;720000;tarjeta;03-11-25
RES-000155;18-04-25;18-04-25 12:00;18-04-25 13:00;ejecutada;20914133-9;Juan Perez;NO;Salon Eventos 1;Santiago Centro;100000;100000;transferencia;16-04-25
RES-000156;09-06-25;09-06-25 18:00;09-06-25 19:00;cancelada;11374837-0;Maria Gonzalez;NO;Salon Eventos 3;Providencia;100000;0;;09-06-25
RES-000157;17-08-25;17-08-25;23-08-25;ejecutada;16657576-1;Luis Contreras;SI;Cabaa 16;Providencia;720000;720000;efectivo;15-08-25
RES-000158;12-10-25;12-10-25 10:00;12-10-25 11:00;ejecutada;23021174-4;Maria Gonzalez;NO;Salon Eventos 1;La Florida;100000;100000;transferencia;10-10-25
RES-000159;08-07-26;10-07-26 08:30;10-07-26 09:30;reservada;20078438-3;Ana Silva;SI;Cancha Basquetbol Techada;Santa Cruz;35000;35000;efectivo;31-05-25
RES-000160;16-10-25;16-10-25 20:00;16-10-25 21:00;cancelada;6626889-6;Pedro Rojas;SI;Cancha Tenis Techada;Providencia;35000;0;;16-10-25
RES-000161;19-01-25;19-01-25 14:00;19-01-25 15:00;reservada;12080481-2;Maria Gonzalez;NO;Restaurant 2;Santiago Centro;30000;0;;15-01-25
RES-000162;04-06-25;04-06-25 20:00;04-06-25 21:00;ejecutada;7206185-3;Luis Contreras;SI;Piscina 2;Providencia;20000;20000;efectivo;30-05-25
RES-000163;16-12-25;16-12-25;22-12-25;cancelada;21349217-9;Luis Contreras;SI;Cabaa 15;La Florida;720000;0;;12-12-25
RES-000164;01-09-25;01-09-25;11-09-25;reservada;19362869-9;Luis Contreras;SI;Cabaa 9;Providencia;1200000;0;;01-09-25
RES-000165;11-12-25;11-12-25;14-12-25;reservada;11738535-3;Maria Gonzalez;SI;Cabaa 12;Providencia;360000;0;;11-12-25
RES-000166;16-11-25;16-11-25 10:00;16-11-25 11:00;cancelada;11247006-9;Luis Contreras;NO;Restaurant 2;Providencia;30000;0;;11-11-25
RES-000167;01-09-25;01-09-25;03-09-25;ejecutada;15790934-7;Maria Gonzalez;SI;Cabaa 19;Santa Cruz;240000;240000;efectivo;27-08-25
RES-000168;16-05-25;16-05-25;25-05-25;cancelada;10701917-0;Pedro Rojas;SI;Cabaa 11;Santiago Centro;1080000;0;;11-05-25
RES-000169;14-04-25;14-04-25 21:00;14-04-25 22:00;reservada;17133976-6;Juan Perez;NO;Cancha Basquetbol Aire Libre;Santa Cruz;25000;0;;11-04-25
RES-000170;20-02-25;20-02-25 21:00;20-02-25 22:00;cancelada;21178138-6;Ana Silva;NO;Restaurant 2;La Florida;30000;0;;15-02-25
RES-000171;16-01-25;16-01-25;23-01-25;reservada;15819975-0;Pedro Rojas;SI;Cabaa 11;Santiago Centro;840000;0;;16-01-25
RES-000172;11-09-25;11-09-25;12-09-25;reservada;16288155-8;Ana Silva;NO;Cabaa 7;Santa Cruz;120000;0;;09-09-25
RES-000173;01-04-25;01-04-25;08-04-25;reservada;21947907-7;Maria Gonzalez;SI;Cabaa 17;Providencia;840000;0;;28-03-25
RES-000174;12-03-25;12-03-25;15-03-25;cancelada;19599688-1;Juan Perez;SI;Cabaa 1;Providencia;360000;0;;07-03-25
RES-000175;20-08-25;20-08-25;21-08-25;reservada;13288053-0;Luis Contreras;NO;Cabaa 14;Santiago Centro;120000;0;;15-08-25
RES-000176;11-05-25;11-05-25 18:00;11-05-25 19:00;ejecutada;21934163-6;Maria Gonzalez;SI;Salon Eventos 1;La Florida;100000;100000;efectivo;11-05-25
RES-000177;07-11-25;07-11-25;12-11-25;ejecutada;16953331-8;Pedro Rojas;SI;Cabaa 7;Santa Cruz;600000;600000;efectivo;02-11-25
RES-000178;02-12-25;02-12-25 17:00;02-12-25 18:00;reservada;20642956-9;Ana Silva;SI;Cancha Futbolito Aire Libre;Providencia;25000;0;;01-12-25
RES-000179;01-11-25;01-11-25;01-11-25 12:00;reservada;7735551-0;Ana Silva;NO;Cancha Tenis Techada X;Santiago Centro;35000;0;;28-10-25
RES-000180;08-07-25;08-07-25;18-07-25;reservada;7101185-2;Pedro Rojas;NO;Cabaa 4;Santiago Centro;1200000;0;;06-07-25
RES-000181;04-10-25;04-10-25 13:00;04-10-25 14:00;reservada;17275270-5;Pedro Rojas;NO;Cancha Basquetbol Aire Libre;Providencia;25000;0;;30-09-25
RES-000182;09-12-25;09-12-25;18-12-25;reservada;7479790-3;Luis Contreras;NO;Cabaa 5;Santiago Centro;1080000;0;;05-12-25
RES-000183;06-10-25;06-10-25;16-10-25;ejecutada;21734074-8;Juan Perez;SI;Cabaa 6;Santiago Centro;1200000;1200000;efectivo;01-10-25
RES-000184;10-09-25;10-09-25;15-09-25;ejecutada;15804334-3;Luis Contreras;NO;Cabaa 14;Santa Cruz;600000;600000;tarjeta;07-09-25
RES-000185;04-11-25;04-11-25;14-11-25;reservada;23369020-1;Ana Silva;SI;Cabaa 13;Providencia;1200000;0;;03-11-25
RES-000186;20-12-25;20-12-25;28-12-25;cancelada;18728677-8;Juan Perez;SI;Cabaa 12;Providencia;960000;0;;19-12-25
RES-000187;18-04-25;18-04-25 15:00;18-04-25 16:00;ejecutada;9213225-0;Maria Gonzalez;NO;Restaurant 1;Providencia;30000;30000;efectivo;14-04-25
RES-000188;19-03-25;19-03-25;24-03-25;ejecutada;6436217-8;Pedro Rojas;SI;Cabaa 20;Santa Cruz;600000;600000;transferencia;14-03-25
RES-000189;20-01-25;20-01-25;29-01-25;ejecutada;10578107-5;Luis;SI;Cabaa 1;Santa Cruz;1080000;1080000;tarjeta;20-01-25
RES-000190;20-08-25;20-08-25;20-08-25 18:00;ejecutada;7101185-2;Pedro Rojas;NO;Salon Eventos 3;Providencia;100000;100000;transferencia;18-08-25
RES-000191;16-10-25;16-10-25 15:00;16-10-25 16:00;ejecutada;20184378-2;Pedro Rojas;NO;Cancha Basquetbol Techada;Santa Cruz;35000;35000;efectivo;16-10-25
RES-000192;05-05-25;05-05-25 21:00;05-05-25 22:00;ejecutada;19197001-2;Ana Silva;NO;Cancha Padel Techada;Santiago Centro;35000;35000;tarjeta;04-05-25
RES-000193;14-03-25;14-03-25;17-03-25;reservada;17505864-8;Maria Gonzalez;SI;Cabaa 1;La Florida;360000;0;;11-03-25
RES-000194;08-02-25;08-02-25;18-02-25;reservada;22852757-9;Ana Silva;NO;Cabaa 2;Santa Cruz;1200000;0;;06-02-25
RES-000195;15-07-25;15-07-25;16-07-25;ejecutada;13006208-3;Luis Contreras;NO;Cabaa 16;Santa Cruz;120000;120000;efectivo;14-07-25
RES-000196;03-10-25;03-10-25 12:00;03-10-25 13:00;ejecutada;13897062-0;Maria Gonzalez;NO;Cancha Futbolito Techada;Santa Cruz;35000;35000;efectivo;03-10-25
RES-000197;09-09-25;09-09-25;12-09-25;cancelada;17275270-5;Pedro Rojas;SI;Cabaa 15;La Florida;360000;0;;07-09-25
RES-000198;01-05-25;01-05-25 16:00;01-05-25 17:00;cancelada;18965892-3;Juan Perez;SI;Salon Eventos 1;Santa Cruz;100000;0;;30-04-25
RES-000199;08-01-25;08-01-25 10:00;08-01-25 11:00;cancelada;18885368-4;Maria Gonzalez;SI;Cancha Tenis Techada X;La Florida;35000;0;;03-01-25
RES-000200;18-11-25;18-11-25;25-11-25;reservada;20128868-1;Ana Silva;SI;Cabaa 19;Santiago Centro;840000;0;;15-11-25
RES-000201;04-12-25;04-12-25;11-12-25;cancelada;5058687-1;Ana Silva;SI;Cabaa 7;Providencia;840000;0;;03-12-25
RES-000202;19-04-25;19-04-25;27-04-25;reservada;9874086-4;Ana Silva;NO;Cabaa 15;Santa Cruz;960000;0;;14-04-25
RES-000203;02-02-25;02-02-25;07-02-25;reservada;9487250-2;Ana Silva;SI;Cabaa 10;La Florida;600000;0;;28-01-25
RES-000204;05-09-25;05-09-25;14-09-25;ejecutada;13532015-3;Luis Contreras;NO;Cabaa 5;Santiago Centro;1080000;1080000;tarjeta;02-09-25
RES-000205;08-09-25;08-09-25 16:00;08-09-25 17:00;ejecutada;6512346-0;Maria Gonzalez;SI;Cancha Padel Aire Libre;Santa Cruz;25000;25000;efectivo;05-09-25
RES-000206;18-11-25;18-11-25 08:00;18-11-25 09:00;cancelada;11727551-5;Maria Gonzalez;SI;Salon Eventos 3;Santa Cruz;100000;0;;17-11-25
RES-000207;18-11-25;18-11-25;22-11-25;cancelada;6365576-7;Juan Perez;SI;Cabaa 9;Santiago Centro;480000;0;;14-11-25
RES-000208;14-08-25;14-08-25;24-08-25;reservada;23835968-6;Juan Perez;NO;Cabaa 12;Providencia;1200000;0;;13-08-25
RES-000209;15-12-25;15-12-25 13:00;15-12-25 14:00;cancelada;6504014-K;Luis Contreras;SI;Salon Eventos 1;Providencia;100000;0;;10-12-25
RES-000210;14-06-25;14-06-25;21-06-25;ejecutada;22075434-0;Ana Silva;NO;Cabaa 15;Santa Cruz;840000;840000;tarjeta;14-06-25
RES-000211;11-02-25;11-02-25 09:00;11-02-25 10:00;ejecutada;15819975-0;Pedro Rojas;NO;Piscina 2;La Florida;20000;20000;tarjeta;06-02-25
RES-000212;19-03-25;19-03-25 22:00;19-03-25 23:00;reservada;23021174-4;Maria Gonzalez;SI;Cancha Tenis Techada;Providencia;35000;0;;18-03-25
RES-000213;12-07-25;12-07-25;14-07-25;ejecutada;17553993-K;Ana Silva;NO;Cabaa 13;La Florida;240000;240000;tarjeta;11-07-25
RES-000214;18-05-25;18-05-25 09:00;18-05-25 10:00;cancelada;16530236-2;Pedro Rojas;SI;Piscina 1;Santa Cruz;20000;0;;14-05-25
RES-000215;09-07-26;11-07-26 12:00;21-07-26 12:00;reservada;17820790-3;Juan Perez;NO;Cabaa 19;Santiago Centro;1200000;0;;05-05-25
RES-000216;06-12-25;abc/12/25;09-12-25;ejecutada;24002475-6;Luis Contreras;NO;Cabaa 20;Santiago Centro;360000;360000;transferencia;03-12-25
RES-000217;16-06-25;16-06-25;25-06-25;ejecutada;16012079-7;Ana Silva;NO;Cabaa 11;Providencia;1080000;1080000;tarjeta;16-06-25
RES-000218;04-03-25;04-03-25 11:00;04-03-25 12:00;reservada;22256719-K;Ana Silva;SI;Restaurant 1;Santa Cruz;30000;0;;02-03-25
RES-000219;11-07-25;11-07-25;15-07-25;ejecutada;7735551-0;Ana Silva;SI;Cabaa 1;Santa Cruz;480000;480000;transferencia;10-07-25
RES-000220;02-08-25;02-08-25;08-08-25;cancelada;6626889-6;Pedro Rojas;NO;Cabaa 15;Providencia;720000;0;;28-07-25
RES-000221;09-12-25;09-12-25 12:00;09-12-25 13:00;cancelada;18616868-2;Luis Contreras;NO;Cancha Futbolito Aire Libre;Providencia;25000;0;;08-12-25
RES-000222;14-11-25;14-11-25;19-11-25;ejecutada;13288053-0;Luis Contreras;NO;Cabaa 9;La Florida;600000;600000;transferencia;13-11-25
RES-000223;19-03-25;19-03-25;26-03-25;cancelada;10119752-2;Juan Perez;SI;Cabaa 20;Santa Cruz;840000;0;;16-03-25
RES-000224;07-11-25;07-11-25;15-11-25;ejecutada;13702711-9;Luis;NO;Cabaa 6;Santiago Centro;960000;960000;efectivo;07-11-25
RES-000225;12-05-25;12-05-25;16-05-25;reservada;7660832-6;Pedro Rojas;NO;Cabaa 3;Providencia;480000;0;;12-05-25
RES-000226;10-06-25;10-06-25 17:00;10-06-25 18:00;reservada;17275270-5;Pedro Rojas;SI;Cancha Futbolito Aire Libre;Santiago Centro;25000;0;;08-06-25
RES-000227;14-01-25;14-01-25;15//25;reservada;19937737-8;Luis Contreras;NO;Cabaa 2;Santa Cruz;1200000;0;;14-01-25
RES-000228;08-01-25;08-01-25;16-01-25;reservada;21296743-2;Pedro Rojas;SI;Cabaa 19;La Florida;960000;0;;03-01-25
RES-000229;01-08-25;01-08-25;11-08-25;reservada;5204506-1;Ana Silva;SI;Cabaa 17;La Florida;1200000;0;;30-07-25
RES-000230;14-03-25;14-03-25;22-03-25;cancelada;15499152-2;Maria Gonzalez;NO;Cabaa 1;Providencia;960000;0;;09-03-25
RES-000231;07-12-25;07-12-25 11:00;07-12-25 12:00;ejecutada;5590602-5;Juan Perez;NO;Restaurant 2;Providencia;30000;30000;efectivo;04-12-25
RES-000232;01-09-25;01-09-25;02-09-25;reservada;17294352-7;Ana Silva;NO;Cabaa 3;Santa Cruz;120000;0;;29-08-25
RES-000233;15-04-25;15-04-25;17-04-25;reservada;21349217-9;Luis Contreras;NO;Cabaa 5;Santa Cruz;240000;0;;15-04-25
RES-000234;03-07-25;03-07-25;07-07-25;ejecutada;22746919-6;Maria Gonzalez;NO;Cabaa 7;La Florida;480000;480000;transferencia;01-07-25
RES-000235;20-07-25;20-07-25 12:00;20-07-25 13:00;cancelada;10145466-5;Pedro Rojas;NO;Cancha Basquetbol Aire Libre;Santiago Centro;25000;0;;19-07-25
RES-000236;14-11-25;14-11-25;16-11-25;cancelada;17647891-8;Maria Gonzalez;NO;Cabaa 2;La Florida;240000;0;;13-11-25
RES-000237;11-11-25;11-11-25 17:00;11-11-25 18:00;cancelada;18242406-4;Ana Silva;NO;Piscina 1;Santiago Centro;20000;0;;08-11-25
RES-000238;11-09-25;11-09-25;14-09-25;ejecutada;10216723-6;Juan Perez;NO;Cabaa 13;Santa Cruz;360000;360000;efectivo;08-09-25
RES-000239;12-02-25;12-02-25 14:00;12-02-25 15:00;cancelada;5938386-8;Ana Silva;SI;Piscina 2;La Florida;20000;0;;07-02-25
RES-000240;05-03-25;05-03-25;05-03-25 12:00;reservada;18147916-7;Maria Gonzalez;SI;Restaurant 2;La Florida;30000;0;;28-02-25
RES-000241;11-07-25;11-07-25;11-07-25 13:00;reservada;10272070-9;Pedro Rojas;SI;Cancha Tenis Aire Libre X;Santiago Centro;25000;0;;07-07-25
RES-000242;11-03-25;11-03-25;16-03-25;reservada;7997541-9;Ana Silva;NO;Cabaa 13;La Florida;600000;0;;10-03-25
RES-000243;12-08-25;12-08-25 09:00;12-08-25 10:00;ejecutada;15447012-3;Pedro Rojas;NO;Restaurant 1;Santiago Centro;30000;30000;tarjeta;09-08-25
RES-000244;11-03-25;11-03-25;19-03-25;cancelada;20394775-3;Pedro Rojas;SI;Cabaa 14;Santa Cruz;960000;0;;10-03-25
RES-000245;08-08-25;08-08-25;13-08-25;ejecutada;11727551-5;Maria Gonzalez;SI;Cabaa 15;Santiago Centro;600000;600000;efectivo;07-08-25
RES-000246;18-01-25;18-01-25 19:00;18-01-25 20:00;ejecutada;23684083-2;Pedro Rojas;NO;Salon Eventos 4;Providencia;100000;100000;transferencia;14-01-25
RES-000247;15-04-25;15-04-25;17-04-25;reservada;17963425-2;Luis Contreras;SI;Cabaa 1;Providencia;240000;0;;10-04-25
RES-000248;04-07-25;04-07-25 13:00;04-07-25 14:00;reservada;13203913-5;Maria Gonzalez;SI;Cancha Futbolito Techada;Santiago Centro;35000;0;;30-06-25
RES-000249;18-02-25;18-02-25;26-02-25;cancelada;12922397-9;Maria Gonzalez;NO;Cabaa 13;La Florida;960000;0;;18-02-25
RES-000250;04-07-26;06-07-26 03:30;06-07-26 04:30;reservada;6835621-0;Luis Contreras;SI;Restaurant 2;La Florida;30000;0;;15-08-25
RES-000251;06-09-25;06-09-25;14-09-25;cancelada;16094679-2;Ana Silva;NO;Cabaa 16;Providencia;960000;0;;03-09-25
RES-000252;07-01-25;07-01-25;12-01-25;cancelada;7130867-7;Luis Contreras;SI;Cabaa 3;Providencia;600000;0;;03-01-25
RES-000253;19-11-25;19-11-25 17:00;19-11-25 18:00;ejecutada;11616558-9;Maria Gonzalez;SI;Cancha Padel Aire Libre;La Florida;25000;25000;tarjeta;16-11-25
RES-000254;03-03-25;03-03-25 16:00;03-03-25 17:00;reservada;15826885-K;Juan Perez;SI;Salon Eventos 1;Santiago Centro;100000;0;;28-02-25
RES-000255;20-12-25;20-12-25;27-12-25;reservada;24402541-2;Luis Contreras;NO;Cabaa 10;Santa Cruz;840000;0;;15-12-25
RES-000256;12-08-25;12-08-25;15-08-25;ejecutada;5327894-9;Maria Gonzalez;SI;Cabaa 15;La Florida;360000;360000;transferencia;12-08-25
RES-000257;18-07-25;18-07-25 19:00;18-07-25 20:00;cancelada;9487250-2;Ana Silva;NO;Restaurant 1;La Florida;30000;0;;18-07-25
RES-000258;06-04-25;06-04-25;11-04-25;ejecutada;22746919-6;Maria Gonzalez;NO;Cabaa 7;Providencia;600000;600000;tarjeta;05-04-25
RES-000259;07-07-25;07-07-25;15-07-25;cancelada;18568061-4;Ana Silva;SI;Cabaa 16;Santiago Centro;960000;0;;04-07-25
RES-000260;06-04-25;06-04-25;12-04-25;reservada;17820790-3;Juan Perez;SI;Cabaa 1;Santiago Centro;720000;0;;05-04-25
RES-000261;10-06-25;10-06-25;16-06-25;reservada;18147916-7;Maria Gonzalez;SI;Cabaa 14;Santiago Centro;720000;0;;09-06-25
RES-000262;01-10-25;01-10-25 21:00;01-10-25 22:00;ejecutada;16987649-5;Maria Gonzalez;SI;Cancha Tenis Techada;La Florida;35000;35000;efectivo;01-10-25
RES-000263;05-01-25;05-01-25 13:00;05-01-25 14:00;reservada;14584200-K;Pedro Rojas;NO;Salon Eventos 4;Santa Cruz;100000;0;;05-01-25
RES-000264;06-12-25;06-12-25;11-12-25;cancelada;8309406-0;Luis Contreras;NO;Cabaa 13 X;Santiago Centro;600000;0;;06-12-25
RES-000265;01-01-25;01-01-25;09-01-25;reservada;16214968-7;Luis Contreras;SI;Cabaa 15 X;Santa Cruz;960000;0;;29-12-24
RES-000266;05-03-25;05-03-25;12-03-25;cancelada;24427724-1;Maria Gonzalez;NO;Cabaa 2;Santa Cruz;840000;0;;01-03-25
RES-000267;05-08-25;05-08-25 19:00;05-08-25 20:00;cancelada;10289799-4;Maria Gonzalez;SI;Cancha Basquetbol Techada X;Santa Cruz;35000;0;;01-08-25
RES-000268;06-04-25;06-04-25 09:00;06-04-25 10:00;cancelada;14861266-8;Ana Silva;NO;Salon Eventos 3;Santa Cruz;100000;0;;01-04-25
RES-000269;02-07-25;02-07-25;07-07-25;reservada;15121060-0;Ana Silva;SI;Cabaa 7;La Florida;600000;0;;01-07-25
RES-000270;06-11-25;06-11-25;07-11-25;ejecutada;18910856-7;Maria Gonzalez;SI;Cabaa 2;Santa Cruz;120000;120000;transferencia;05-11-25
RES-000271;16-03-25;16-03-25 22:00;16-03-25 23:00;cancelada;10145466-5;Pedro Rojas;NO;Cancha Padel Aire Libre;Providencia;25000;0;;12-03-25
RES-000272;10-08-25;10-08-25 08:00;10-08-25 09:00;reservada;13224751-K;Luis Contreras;NO;Cancha Basquetbol Techada;La Florida;35000;0;;06-08-25
RES-000273;13-05-25;13-05-25;19-05-25;reservada;11374837-0;Maria Gonzalez;NO;Cabaa 8;Providencia;720000;0;;08-05-25
RES-000274;abc/12/25;09-02-25;16-02-25;reservada;17786278-9;Juan Perez;SI;Cabaa 3 X;Santa Cruz;840000;0;;09-02-25
RES-000275;06-11-25;06-11-25 12:00;06-11-25 13:00;cancelada;18881160-4;Pedro Rojas;SI;Cancha Tenis Aire Libre;La Florida;25000;0;;04-11-25
RES-000276;16-12-25;16-12-25;22-12-25;reservada;18154120-2;Maria Gonzalez;NO;Cabaa 10;Santiago Centro;720000;0;;11-12-25
RES-000277;16-01-25;16-01-25;22-01-25;ejecutada;19430435-8;Maria Gonzalez;NO;Cabaa 20;Santa Cruz;720000;720000;transferencia;11-01-25
RES-000278;02-03-25;02-03-25;11-03-25;cancelada;20128868-5;Ana Silva;SI;Cabaa 12;La Florida;1080000;0;;01-03-25
RES-000279;20-02-25;20-02-25;28-02-25;reservada;6440714-7;Ana Silva;NO;Cabaa 8;Providencia;960000;0;;20-02-25
RES-000280;19-05-25;19-05-25;28-05-25;cancelada;19211618-K;Luis Contreras;NO;Cabaa 12;Santa Cruz;1080000;0;;16-05-25
RES-000281;08-10-25;08-10-25;18-10-25;ejecutada;19576306-2;Luis Contreras;SI;Cabaa 8;Santa Cruz;1200000;1200000;tarjeta;03-10-25
RES-000282;14-08-25;14-08-25;16-08-25;reservada;9179703-8;Maria Gonzalez;NO;Cabaa 11;Providencia;240000;0;;10-08-25
RES-000283;16-03-25;16-03-25 12:00;16-03-25 13:00;ejecutada;9978267-6;Pedro Rojas;NO;Cancha Futbolito Aire Libre;Santa Cruz;25000;25000;efectivo;14-03-25
RES-000284;12-06-25;12-06-25 19:00;12-06-25 20:00;reservada;24139677-0;Ana Silva;SI;Piscina 1;La Florida;20000;0;;11-06-25
RES-000285;11-07-25;11-07-25;15-07-25;cancelada;22863706-8;Luis Contreras;SI;Cabaa 4;Santa Cruz;480000;0;;07-07-25
RES-000286;13-10-25;13-10-25;15-10-25;ejecutada;5149595-0;Maria Gonzalez;NO;Cabaa 20;Santiago Centro;240000;240000;efectivo;10-10-25
RES-000287;11-07-25;11-07-25;15-07-25;reservada;5757659-6;Pedro Rojas;SI;Cabaa 3;Santa Cruz;480000;0;;11-07-25
RES-000288;13-12-25;13-12-25 09:00;13-12-25 10:00;reservada;11219981-0;Pedro Rojas;SI;Piscina 1;La Florida;20000;0;;12-12-25
RES-000289;17-08-25;17-08-25;18-08-25;cancelada;8309406-0;Luis Contreras;SI;Cabaa 8;Santa Cruz;120000;0;;14-08-25
RES-000290;07-05-25;07-05-25;15-05-25;ejecutada;10905503-4;Pedro Rojas;NO;Cabaa 10;La Florida;960000;960000;transferencia;03-05-25
RES-000291;14-02-25;14-02-25;22-02-25;ejecutada;16741119-3;Luis Contreras;NO;Cabaa 4;Santa Cruz;960000;960000;efectivo;13-02-25
RES-000292;abc/12/25;17-02-25;19-02-25;reservada;17911506-9;Pedro Rojas;SI;Cabaa 14;Providencia;240000;0;;16-02-25
RES-000293;13-08-25;13-08-25 17:00;13-08-25 18:00;reservada;12925543-9;Maria Gonzalez;NO;Cancha Padel Techada;Providencia;35000;0;;13-08-25
RES-000294;01-05-25;01-05-25;02-05-25;reservada;11086191-5;Ana Silva;SI;Cabaa 6;Providencia;120000;0;;30-04-25
RES-000295;11-02-25;11-02-25 15:00;11-02-25 16:00;cancelada;13397853-4;Juan Perez;NO;Cancha Basquetbol Techada;Santiago Centro;35000;0;;08-02-25
RES-000296;02-10-25;02-10-25;04-10-25;reservada;24139677-0;Ana Silva;NO;Cabaa 11;Providencia;240000;0;;01-10-25
RES-000297;12-05-25;12-05-25;12-05-25 11:00;ejecutada;21162735-2;Juan Perez;NO;Cancha Tenis Aire Libre;La Florida;25000;25000;transferencia;09-05-25
RES-000298;19-09-25;19-09-25;23-09-25;cancelada;15562742-5;Maria Gonzalez;NO;Cabaa 6;Santiago Centro;480000;0;;14-09-25
RES-000299;19-04-25;19-04-25;23-04-25;cancelada;6389986-0;Luis Contreras;NO;Cabaa 4;Santa Cruz;480000;0;;14-04-25
RES-000300;01-07-25;01-07-25;03-07-25;ejecutada;15120266-7;Juan Perez;NO;Cabaa 19;Providencia;240000;240000;transferencia;29-06-25
RES-000301;07-08-25;07-08-25 13:00;07-08-25 14:00;cancelada;10289799-2;Maria Gonzalez;NO;Piscina 1;Santa Cruz;20000;0;;04-08-25
RES-000302;20-01-25;20-01-25 08:00;20-01-25 09:00;reservada;23835968-6;Juan Perez;SI;Salon Eventos 4;Santiago Centro;100000;0;;19-01-25
RES-000303;16-10-25;16-10-25 10:00;16-10-25 11:00;cancelada;15600733-1;Luis Contreras;SI;Piscina 1;Santa Cruz;20000;0;;12-10-25
RES-000304;10-03-25;10-03-25;14-03-25;ejecutada;13519552-9;Juan Perez;NO;Cabaa 5;La Florida;480000;480000;efectivo;10-03-25
RES-000305;11-07-25;abc/12/25;18-07-25;ejecutada;19195488-2;Pedro Rojas;NO;Cabaa 18;La Florida;840000;840000;tarjeta;10-07-25
RES-000306;11-12-25;11-12-25;13-12-25;reservada;9298423-0;Maria Gonzalez;SI;Cabaa 10;Providencia;240000;0;;09-12-25
RES-000307;01-12-25;01-12-25;03-12-25;ejecutada;10701917-0;Pedro Rojas;NO;Cabaa 18;Providencia;240000;240000;transferencia;29-11-25
RES-000308;11-06-25;11-06-25 21:00;11-06-25 22:00;reservada;17914991-5;Maria Gonzalez;NO;Cancha Futbolito Aire Libre;Santa Cruz;25000;0;;08-06-25
RES-000309;19-11-25;19-11-25;28-11-25;cancelada;15804334-3;Luis Contreras;NO;Cabaa 17;Santa Cruz;1080000;0;;14-11-25
RES-000310;08-06-25;08-06-25;09-06-25;cancelada;22329198-8;Luis Contreras;SI;Cabaa 8;Santiago Centro;120000;0;;04-06-25
RES-000311;01-08-25;01-08-25 09:00;01-08-25 10:00;ejecutada;15035367-K;Maria Gonzalez;NO;Restaurant 2;Providencia;30000;30000;transferencia;29-07-25
RES-000312;09-11-25;09-11-25 19:00;09-11-25 20:00;reservada;20672079-4;Juan Perez;NO;Cancha Basquetbol Aire Libre;Santa Cruz;25000;0;;07-11-25
RES-000313;09-09-25;09-09-25 08:00;09-09-25 09:00;cancelada;12913560-3;Ana Silva;SI;Cancha Padel Techada;Santiago Centro;35000;0;;08-09-25
RES-000314;16-09-25;16-09-25;19-09-25;reservada;23451242-0;Juan Perez;SI;Cabaa 8 X;La Florida;360000;0;;16-09-25
RES-000315;10-10-25;10-10-25;17-10-25;reservada;16054257-8;Luis;SI;Cabaa 3;Santiago Centro;840000;0;;08-10-25
RES-000316;02-07-25;02-07-25;06-07-25;reservada;11218435-K;Luis Contreras;SI;Cabaa 4;Santiago Centro;480000;0;;29-06-25
RES-000317;20-02-25;20-02-25 08:00;20-02-25 09:00;reservada;13554594-5;Pedro Rojas;NO;Salon Eventos 3;La Florida;100000;0;;19-02-25
RES-000318;13-01-25;13-01-25;20-01-25;reservada;16460920-0;Maria Gonzalez;SI;Cabaa 11;Santiago Centro;840000;0;;12-01-25
RES-000319;12-07-25;12-07-25 22:00;12-07-25 23:00;ejecutada;11616558-9;Maria Gonzalez;NO;Cancha Futbolito Aire Libre;Santa Cruz;25000;25000;transferencia;12-07-25
RES-000320;05-10-25;05-10-25;09-10-25;cancelada;10698937-0;Pedro Rojas;SI;Cabaa 12;Santiago Centro;480000;0;;04-10-25
RES-000321;06-06-25;06-06-25;10-06-25;cancelada;10778324-5;Luis Contreras;NO;Cabaa 16;La Florida;480000;0;;01-06-25
RES-000322;06-11-25;06-11-25 09:00;06-11-25 10:00;reservada;11218435-K;Luis Contreras;SI;Restaurant 2;Santa Cruz;30000;0;;06-11-25
RES-000323;14-11-25;14-11-25;16-11-25;cancelada;9259413-0;Luis Contreras;SI;Cabaa 11;Santa Cruz;240000;0;;11-11-25
RES-000324;18-11-25;18-11-25 14:00;18-11-25 15:00;cancelada;10289799-4;Maria Gonzalez;SI;Restaurant 2;Providencia;30000;0;;15-11-25
RES-000325;18-04-25;18-04-25 08:00;18-04-25 09:00;cancelada;13224751-K;Luis Contreras;SI;Salon Eventos 3;La Florida;100000;0;;14-04-25
RES-000326;04-01-25;04-01-25 09:00;04-01-25 10:00;reservada;7686256-7;Luis Contreras;SI;Cancha Basquetbol Techada;Santiago Centro;35000;0;;30-12-24
RES-000327;03-03-25;03-03-25 20:00;03-03-25 21:00;reservada;16304937-6;Juan Perez;SI;Restaurant 1;Santa Cruz;30000;0;;01-03-25
RES-000328;20-08-25;20-08-25;29-08-25;cancelada;16759872-2;Ana Silva;NO;Cabaa 12;Providencia;1080000;0;;18-08-25
RES-000329;09-01-25;09-01-25;14-01-25;cancelada;23835968-6;Juan Perez;SI;Cabaa 4;Santiago Centro;600000;0;;08-01-25
RES-000330;17-07-25;17-07-25 08:00;17-07-25 09:00;cancelada;19576306-2;Luis Contreras;NO;Piscina 1;Providencia;20000;0;;17-07-25
RES-000331;19-02-25;19-02-25 21:00;19-02-25 22:00;ejecutada;17911506-9;Pedro Rojas;NO;Piscina 2;Santiago Centro;20000;20000;efectivo;15-02-25
RES-000332;12-09-25;12-09-25;16-09-25;reservada;20408365-7;Maria Gonzalez;SI;Cabaa 13;Providencia;480000;0;;09-09-25
RES-000333;01-03-25;01-03-25;07-03-25;cancelada;24427724-1;Maria Gonzalez;NO;Cabaa 3;La Florida;720000;0;;27-02-25
RES-000334;04-03-25;04-03-25 17:00;04-03-25 18:00;cancelada;16214968-7;Luis Contreras;SI;Salon Eventos 4;Santiago Centro;100000;0;;04-03-25
RES-000335;09-01-25;/05/25;19-01-25;cancelada;7479790-3;Luis Contreras;SI;Cabaa 15;Santa Cruz;1200000;0;;04-01-25
RES-000336;01-05-26;03-05-26 04:30;08-05-26 04:30;reservada;10645717-4;Pedro Rojas;NO;Cabaa 16;Providencia;600000;0;;11-10-25
RES-000337;05-02-25;05-02-25;13-02-25;reservada;16107528-0;Juan Perez;SI;Cabaa 5;La Florida;960000;0;;03-02-25
RES-000338;03-05-25;03-05-25;04-05-25;reservada;16054257-8;Luis Contreras;NO;Cabaa 19;Santiago Centro;120000;0;;30-04-25
RES-000339;13-02-25;13-02-25;18-02-25;ejecutada;21912374-4;Pedro;SI;Cabaa 6;La Florida;600000;600000;transferencia;09-02-25
RES-000340;11-01-25;11-01-25 13:00;11-01-25 14:00;ejecutada;6807678-1;Pedro Rojas;NO;Restaurant 1;Santa Cruz;30000;30000;efectivo;06-01-25
RES-000341;15-09-25;15-09-25 15:00;15-09-25 16:00;ejecutada;8409701-2;Pedro Rojas;SI;Cancha Futbolito Aire Libre;Santiago Centro;25000;25000;tarjeta;11-09-25
RES-000342;08-03-25;08-03-25;16-03-25;ejecutada;5137322-7;Juan Perez;SI;Cabaa 14;Santa Cruz;960000;960000;transferencia;04-03-25
RES-000343;15-06-25;15-06-25;21-06-25;reservada;20086756-4;Maria Gonzalez;SI;Cabaa 17;Santiago Centro;720000;0;;12-06-25
RES-000344;13-11-25;13-11-25 12:00;13-11-25 13:00;cancelada;18602114-2;Juan Perez;NO;Salon Eventos 1;Providencia;100000;0;;11-11-25
RES-000345;10-01-25;10-01-25;14-01-25;ejecutada;6365576-7;Juan Perez;SI;Cabaa 15;Santa Cruz;480000;480000;tarjeta;08-01-25
RES-000346;14-07-25;14-07-25;22-07-25;ejecutada;17263289-0;Juan Perez;NO;Cabaa 14;Santiago Centro;960000;960000;efectivo;11-07-25
RES-000347;14-07-25;14-07-25;23-07-25;reservada;12592948-6;Ana Silva;NO;Cabaa 14;La Florida;1080000;0;;14-07-25
RES-000348;17-11-25;17-11-25;25-11-25;reservada;19727843-9;Luis Contreras;NO;Cabaa 15;Santiago Centro;960000;0;;17-11-25
RES-000349;09-05-25;09-05-25;16-05-25;cancelada;7261443-7;Ana Silva;SI;Cabaa 11;La Florida;840000;0;;07-05-25
RES-000350;03-06-25;03-06-25;06-06-25;ejecutada;24740663-8;Luis Contreras;NO;Cabaa 16;Santa Cruz;360000;360000;transferencia;29-05-25
RES-000351;08-03-25;08-03-25 10:00;08-03-25 11:00;ejecutada;8223654-6;Ana Silva;SI;Salon Eventos 3;Santiago Centro;100000;100000;tarjeta;06-03-25
RES-000352;11-12-25;11-12-25;21-12-25;reservada;20914133-7;Juan Perez;SI;Cabaa 15;Santiago Centro;1200000;0;;10-12-25
RES-000353;09-07-25;09-07-25;17-07-25;cancelada;13604604-5;Juan Perez;SI;Cabaa 14;La Florida;960000;0;;07-07-25
RES-000354;20-01-25;20-01-25;23-01-25;reservada;5395622-K;Pedro Rojas;NO;Cabaa 3;Providencia;360000;0;;15-01-25
RES-000355;03-04-25;03-04-25 18:00;03-04-25 19:00;reservada;13224751-K;Luis Contreras;NO;Piscina 1;Santa Cruz;20000;0;;29-03-25
RES-000356;09-01-25;09-01-25 15:00;09-01-25 16:00;ejecutada;8084042-K;Maria Gonzalez;NO;Piscina 1;La Florida;20000;20000;transferencia;06-01-25
RES-000357;05-03-25;05-03-25;13-03-25;reservada;17470694-8;Pedro Rojas;SI;Cabaa 17 X;La Florida;960000;0;;03-03-25
RES-000358;02-10-25;02-10-25;06-10-25;cancelada;18467664-8;Pedro Rojas;SI;Cabaa 3;La Florida;480000;0;;01-10-25
RES-000359;15-02-25;15-02-25;17-02-25;cancelada;7997541-5;Ana Silva;NO;Cabaa 1;Santa Cruz;240000;0;;12-02-25
RES-000360;19-03-25;19-03-25 12:00;19-03-25 13:00;ejecutada;21947907-7;Maria Gonzalez;NO;Cancha Basquetbol Aire Libre;Providencia;25000;25000;efectivo;14-03-25
RES-000361;13-11-25;13-11-25;21-11-25;reservada;14843634-7;Juan Perez;NO;Cabaa 2;Santiago Centro;960000;0;;08-11-25
RES-000362;09-10-25;09-10-25;14-10-25;ejecutada;9813420-4;Maria Gonzalez;SI;Cabaa 5;Santiago Centro;600000;600000;transferencia;08-10-25
RES-000363;01-01-25;01-01-25;03-01-25;reservada;23876696-6;Luis Contreras;NO;Cabaa 3;Santiago Centro;240000;0;;01-01-25
RES-000364;02-07-25;02-07-25;03-07-25;reservada;13792450-1;Juan Perez;NO;Cabaa 19;La Florida;120000;0;;01-07-25
RES-000365;04-11-25;04-11-25 21:00;04-11-25 22:00;reservada;15115625-8;Juan Perez;SI;Cancha Basquetbol Techada;Santiago Centro;35000;0;;02-11-25
RES-000366;19-02-25;19-02-25 10:00;19-02-25 11:00;cancelada;11627877-4;Pedro Rojas;NO;Salon Eventos 2;Providencia;100000;0;;14-02-25
RES-000367;09-01-25;09-01-25;10-01-25;ejecutada;7500349-8;Pedro Rojas;SI;Cabaa 3;Santiago Centro;120000;120000;tarjeta;09-01-25
RES-000368;09-06-26;11-06-26 02:00;11-06-26 03:00;reservada;17096666-K;Juan Perez;SI;Cancha Futbolito Aire Libre;Santa Cruz;25000;0;;14-11-25
RES-000369;06-05-25;06-05-25;14-05-25;reservada;16214968-7;Luis Contreras;NO;Cabaa 16;La Florida;960000;0;;05-05-25
RES-000370;13-08-25;13-08-25 16:00;13-08-25 17:00;ejecutada;7500349-8;Pedro Rojas;NO;Salon Eventos 3;Santa Cruz;100000;100000;efectivo;09-08-25
RES-000371;10-03-25;10-03-25;13-03-25;reservada;24027614-3;Luis Contreras;NO;Cabaa 20;Santa Cruz;360000;0;;08-03-25
RES-000372;06-01-25;06-01-25 09:00;06-01-25 10:00;cancelada;24447412-8;Juan Perez;SI;Piscina 2;Providencia;20000;0;;03-01-25
RES-000373;17-10-25;17-10-25 13:00;17-10-25 14:00;reservada;20727566-2;Juan Perez;NO;Cancha Tenis Techada;Providencia;35000;0;;15-10-25
RES-000374;05-07-25;05-07-25 15:00;05-07-25 16:00;cancelada;20666104-6;Juan Perez;SI;Cancha Padel Aire Libre;Santa Cruz;25000;0;;03-07-25
RES-000375;04-05-25;04-05-25 15:00;04-05-25 16:00;cancelada;14394380-1;Pedro Rojas;SI;Salon Eventos 3;Santiago Centro;100000;0;;29-04-25
RES-000376;04-03-25;04-03-25;10-03-25;reservada;7607462-3;Pedro Rojas;SI;Cabaa 16;Santiago Centro;720000;0;;01-03-25
RES-000377;01-10-25;01-10-25;09-10-25;cancelada;19161282-5;Luis Contreras;NO;Cabaa 8;Providencia;960000;0;;29-09-25
RES-000378;12-03-25;12-03-25 13:00;12-03-25 14:00;cancelada;7206185-3;Luis Contreras;NO;Cancha Futbolito Techada;Providencia;35000;0;;10-03-25
RES-000379;19-02-25;19-02-25 22:00;19-02-25 23:00;ejecutada;5633053-4;Maria Gonzalez;SI;Salon Eventos 1;Providencia;100000;100000;efectivo;15-02-25
RES-000380;12-08-25;12-08-25;20-08-25;reservada;9259413-0;Luis Contreras;SI;Cabaa 15;Santa Cruz;960000;0;;07-08-25
RES-000381;02-09-25;02-09-25;07-09-25;ejecutada;13554594-5;Pedro Rojas;NO;Cabaa 12;Providencia;600000;600000;efectivo;02-09-25
RES-000382;18-04-25;18-04-25 10:00;18-04-25 11:00;reservada;24619463-7;Ana Silva;SI;Salon Eventos 2;La Florida;100000;0;;15-04-25
RES-000383;17-12-25;17-12-25;19-12-25;reservada;17786278-9;Juan Perez;SI;Cabaa 11;Providencia;240000;0;;16-12-25
RES-000384;20-10-25;20-10-25;22-10-25;cancelada;19544570-2;Maria Gonzalez;SI;Cabaa 10;La Florida;240000;0;;16-10-25
RES-000385;08-03-25;08-03-25;10-03-25;ejecutada;11616558-9;Maria Gonzalez;SI;Cabaa 18 X;Providencia;240000;240000;transferencia;04-03-25
RES-000386;14-07-25;14-07-25 14:00;14-07-25 15:00;ejecutada;7613535-5;Ana Silva;SI;Cancha Tenis Techada;Santa Cruz;35000;35000;tarjeta;11-07-25
RES-000387;10-11-25;10-11-25;10-11-25 21:00;ejecutada;24949712-6;Luis Contreras;NO;Salon Eventos 1;La Florida;100000;100000;efectivo;07-11-25
RES-000388;17-10-25;17-10-25 10:00;17-10-25 11:00;ejecutada;17914991-5;Maria Gonzalez;NO;Salon Eventos 2;Santiago Centro;100000;100000;efectivo;16-10-25
RES-000389;17-04-25;17-04-25 11:00;17-04-25 12:00;reservada;24447412-8;Juan Perez;SI;Salon Eventos 4;Providencia;100000;0;;17-04-25
RES-000390;14-06-25;14-06-25;23-06-25;cancelada;12192627-K;Pedro Rojas;NO;Cabaa 15;Santa Cruz;1080000;0;;12-06-25
RES-000391;06-02-25;06-02-25 12:00;06-02-25 13:00;reservada;21454860-7;Ana Silva;SI;Cancha Futbolito Aire Libre;Providencia;25000;0;;02-02-25
RES-000392;17-08-25;17-08-25 17:00;17-08-25 18:00;cancelada;19104958-6;Pedro Rojas;NO;Cancha Padel Techada;Providencia;35000;0;;14-08-25
RES-000393;13-10-25;13-10-25 20:00;13-10-25 21:00;ejecutada;8482497-6;Ana Silva;SI;Salon Eventos 3;Providencia;100000;100000;efectivo;11-10-25
RES-000394;12-12-25;12-12-25 09:00;12-12-25 10:00;ejecutada;17230874-0;Juan Perez;NO;Salon Eventos 3;Santa Cruz;100000;100000;tarjeta;07-12-25
RES-000395;06-11-25;06-11-25;13-11-25;reservada;24765561-7;Juan Perez;NO;Cabaa 2;Santa Cruz;840000;0;;06-11-25
RES-000396;13-02-25;13-02-25 10:00;13-02-25 11:00;cancelada;22074928-2;Juan Perez;NO;Cancha Futbolito Aire Libre;La Florida;25000;0;;09-02-25
RES-000397;04-02-25;04-02-25;08-02-25;ejecutada;6614380-5;Luis Contreras;SI;Cabaa 16;Providencia;480000;480000;efectivo;01-02-25
RES-000398;18-03-25;18-03-25;21-03-25;reservada;20394775-5;Pedro Rojas;SI;Cabaa 12;Santiago Centro;360000;0;;15-03-25
RES-000399;01-09-25;01-09-25 19:00;01-09-25 20:00;cancelada;13288053-0;Luis Contreras;NO;Cancha Futbolito Aire Libre;Santa Cruz;25000;0;;29-08-25
RES-000400;09-03-25;09-03-25 13:00;09-03-25 14:00;cancelada;14155657-6;Pedro Rojas;NO;Cancha Basquetbol Techada;Santiago Centro;35000;0;;07-03-25
RES-000401;02-06-25;02-06-25 08:00;02-06-25 09:00;cancelada;13014055-0;Maria Gonzalez;NO;Cancha Basquetbol Aire Libre;Santa Cruz;25000;0;;01-06-25
RES-000402;09-07-25;09-07-25;10-07-25;reservada;24876542-9;Maria Gonzalez;SI;Cabaa 17;Providencia;120000;0;;04-07-25
RES-000403;07-03-25;07-03-25;10-03-25;reservada;6491083-3;Pedro Rojas;SI;Cabaa 4;Santa Cruz;360000;0;;02-03-25
RES-000404;03-11-25;03-11-25;04-11-25;reservada;11247006-9;Luis Contreras;SI;Cabaa 11;La Florida;120000;0;;31-10-25
RES-000405;11-11-25;11-11-25;17-11-25;cancelada;6504014-K;Luis Contreras;SI;Cabaa 13;Santa Cruz;720000;0;;11-11-25
RES-000406;05-03-25;05-03-25;09-03-25;cancelada;6559917-1;Maria Gonzalez;NO;Cabaa 11;Santa Cruz;480000;0;;04-03-25
RES-000407;02-04-25;02-04-25;02-04-25 22:00;cancelada;6614380-5;Luis Contreras;NO;Cancha Padel Techada X;La Florida;35000;0;;28-03-25
RES-000408;14-02-25;14-02-25 12:00;14-02-25 13:00;ejecutada;22002174-2;Luis Contreras;SI;Cancha Basquetbol Techada;La Florida;35000;35000;efectivo;14-02-25
RES-000409;14-05-25;14-05-25;20-05-25;reservada;20720307-6;Luis Contreras;NO;Cabaa 18;Santiago Centro;720000;0;;09-05-25
RES-000410;20-12-25;20-12-25;22-12-25;cancelada;13505604-9;Ana Silva;SI;Cabaa 4;Santiago Centro;240000;0;;19-12-25
RES-000411;15-02-25;15-02-25;24-02-25;ejecutada;12568147-6;Ana Silva;SI;Cabaa 6;La Florida;1080000;1080000;tarjeta;10-02-25
RES-000412;01-09-25;01-09-25 11:00;01-09-25 12:00;reservada;23731597-9;Juan Perez;SI;Cancha Tenis Aire Libre;Providencia;25000;0;;01-09-25
RES-000413;02-04-25;02-04-25;12-04-25;ejecutada;17275270-5;Pedro Rojas;SI;Cabaa 7;Santiago Centro;1200000;1200000;efectivo;01-04-25
RES-000414;17-09-25;17-09-25 09:00;17-09-25 10:00;reservada;12770855-K;Luis Contreras;NO;Cancha Basquetbol Aire Libre;Santa Cruz;25000;0;;16-09-25
RES-000415;09-03-25;09-03-25;19-03-25;reservada;7962885-9;Juan Perez;NO;Cabaa 9;La Florida;1200000;0;;06-03-25
RES-000416;09-11-25;09-11-25 20:00;09-11-25 21:00;cancelada;13397853-4;Juan Perez;SI;Salon Eventos 4;Providencia;100000;0;;06-11-25
RES-000417;17-12-25;17-12-25 12:00;17-12-25 13:00;reservada;14427366-4;Luis Contreras;SI;Salon Eventos 4;Santiago Centro;100000;0;;16-12-25
RES-000418;18-06-25;18-06-25;28-06-25;ejecutada;14504614-9;Juan;SI;Cabaa 8;La Florida;1200000;1200000;transferencia;14-06-25
RES-000419;13-03-25;13-03-25;23-03-25;cancelada;7715981-9;Luis Contreras;NO;Cabaa 10;Santa Cruz;1200000;0;;10-03-25
RES-000420;17-05-25;17-05-25 19:00;17-05-25 20:00;reservada;18965892-3;Juan Perez;SI;Piscina 1;Santiago Centro;20000;0;;12-05-25
RES-000421;09-10-25;09-10-25 17:00;09-10-25 18:00;cancelada;12455581-7;Ana Silva;NO;Cancha Padel Aire Libre;Santa Cruz;25000;0;;06-10-25
RES-000422;01-06-25;01-06-25 16:00;01-06-25 17:00;cancelada;22074928-2;Juan Perez;SI;Salon Eventos 2;La Florida;100000;0;;01-06-25
RES-000423;08-03-25;08-03-25;17-03-25;ejecutada;7781298-9;Pedro Rojas;NO;Cabaa 13;La Florida;1080000;1080000;transferencia;06-03-25
RES-000424;01-01-25;01-01-25;06-01-25;cancelada;21554696-9;Maria Gonzalez;NO;Cabaa 2;La Florida;600000;0;;28-12-24
RES-000425;17-11-25;17-11-25 11:00;17-11-25 12:00;reservada;14292034-4;Luis Contreras;NO;Cancha Tenis Aire Libre;Santa Cruz;25000;0;;15-11-25
RES-000426;03-08-25;03-08-25;12-08-25;ejecutada;23811418-7;Maria Gonzalez;NO;Cabaa 10;Santiago Centro;1080000;1080000;efectivo;03-08-25
RES-000427;08-11-25;08-11-25 08:00;08-11-25 09:00;ejecutada;22885927-3;Luis Contreras;SI;Salon Eventos 4;Santa Cruz;100000;100000;tarjeta;04-11-25
RES-000428;19-05-25;19-05-25;21-05-25;ejecutada;9108775-8;Ana Silva;NO;Cabaa 18;Providencia;240000;240000;tarjeta;16-05-25
RES-000429;14-05-25;14-05-25;19-05-25;reservada;8482497-6;Ana Silva;SI;Cabaa 9;Providencia;600000;0;;09-05-25
RES-000430;11-09-25;11-09-25 16:00;11-09-25 17:00;reservada;13534305-6;Juan Perez;SI;Cancha Tenis Techada;Santiago Centro;35000;0;;09-09-25
RES-000431;20-08-25;20-08-25;21-08-25;cancelada;22746919-6;Maria Gonzalez;NO;Cabaa 14;Santa Cruz;120000;0;;15-08-25
RES-000432;09-02-25;09-02-25;17-02-25;reservada;20284960-5;Juan Perez;SI;Cabaa 6;La Florida;960000;0;;08-02-25
RES-000433;03-11-25;03-11-25;04-11-25;ejecutada;18843742-7;Pedro Rojas;NO;Cabaa 11;Providencia;120000;120000;transferencia;03-11-25
RES-000434;18-10-25;18-10-25;18-10-25 20:00;reservada;15790934-7;Maria Gonzalez;SI;Cancha Padel Techada;Providencia;35000;0;;18-10-25
RES-000435;09-07-25;09-07-25 10:00;09-07-25 11:00;cancelada;24949712-6;Luis Contreras;SI;Salon Eventos 4;Providencia;100000;0;;05-07-25
RES-000436;19-02-25;19-02-25;28-02-25;reservada;20194778-2;Ana Silva;SI;Cabaa 3;Santiago Centro;1080000;0;;19-02-25
RES-000437;06-11-25;06-11-25 10:00;06-11-25 11:00;cancelada;7997541-9;Ana Silva;NO;Cancha Basquetbol Techada;Providencia;35000;0;;02-11-25
RES-000438;13-05-25;13-05-25;16-05-25;ejecutada;13505604-9;Ana Silva;SI;Cabaa 6;Santiago Centro;360000;360000;tarjeta;11-05-25
RES-000439;06-09-25;06-09-25;09-09-25;ejecutada;14254375-3;Pedro Rojas;NO;Cabaa 4;Santa Cruz;360000;360000;tarjeta;04-09-25
RES-000440;07-11-25;07-11-25;15-11-25;cancelada;5149595-0;Maria Gonzalez;NO;Cabaa 2;Santiago Centro;960000;0;;07-11-25
RES-000441;06-06-25;06-06-25 14:00;06-06-25 15:00;cancelada;17820790-3;Juan Perez;NO;Piscina 2;Santiago Centro;20000;0;;05-06-25
RES-000442;06-09-25;06-09-25;12-09-25;ejecutada;9016221-7;Pedro Rojas;SI;Cabaa 11;Providencia;720000;720000;tarjeta;01-09-25
RES-000443;05-07-25;05-07-25;08-07-25;ejecutada;24402541-2;Luis Contreras;SI;Cabaa 14;La Florida;360000;360000;tarjeta;03-07-25
RES-000444;01-10-25;01-10-25;06-10-25;reservada;10234889-3;Pedro Rojas;SI;Cabaa 7;Providencia;600000;0;;01-10-25
RES-000445;17-08-25;31/02/25;24-08-25;cancelada;12313678-5;Juan Perez;SI;Cabaa 13;Providencia;840000;0;;13-08-25
RES-000446;01-05-25;01-05-25;07-05-25;ejecutada;20727566-2;Juan Perez;SI;Cabaa 4;Providencia;720000;720000;transferencia;01-05-25
RES-000447;05-09-25;05-09-25;06-09-25;cancelada;15941454-K;Pedro Rojas;NO;Cabaa 6;Santa Cruz;120000;0;;31-08-25
RES-000448;04-10-25;04-10-25 18:00;04-10-25 19:00;reservada;16460920-0;Maria Gonzalez;NO;Cancha Padel Aire Libre;Santa Cruz;25000;0;;02-10-25
RES-000449;15-11-25;15-11-25;17-11-25;ejecutada;15040048-1;Juan Perez;NO;Cabaa 1;La Florida;240000;240000;tarjeta;14-11-25
RES-000450;20-06-25;20-06-25;30-06-25;cancelada;19430435-8;Maria Gonzalez;NO;Cabaa 16;Providencia;1200000;0;;15-06-25
RES-000451;04-04-25;04-04-25;13-04-25;reservada;9874086-4;Ana Silva;SI;Cabaa 17;Santiago Centro;1080000;0;;02-04-25
RES-000452;11-12-25;11-12-25 20:00;11-12-25 21:00;cancelada;20997181-K;Juan Perez;SI;Salon Eventos 3;La Florida;100000;0;;07-12-25
RES-000453;05-08-25;05-08-25;13-08-25;reservada;16949644-7;Pedro Rojas;SI;Cabaa 15;Providencia;960000;0;;02-08-25
RES-000454;15-08-25;15-08-25 13:00;15-08-25 14:00;reservada;23434952-K;Pedro Rojas;SI;Salon Eventos 1;Santa Cruz;100000;0;;15-08-25
RES-000455;01-11-25;01-11-25;10-11-25;cancelada;22307110-4;Luis Contreras;SI;Cabaa 6;Providencia;1080000;0;;28-10-25
RES-000456;10-05-25;10-05-25;11-05-25;cancelada;10578107-5;Luis Contreras;SI;Cabaa 18;Santiago Centro;120000;0;;10-05-25
RES-000457;06-01-25;06-01-25 21:00;06-01-25 22:00;reservada;24002475-6;Luis Contreras;NO;Restaurant 2;La Florida;30000;0;;01-01-25
RES-000458;02-03-25;02-03-25;04-03-25;ejecutada;5633053-4;Maria Gonzalez;NO;Cabaa 18;Providencia;240000;240000;tarjeta;01-03-25
RES-000459;07-11-25;07-11-25 19:00;07-11-25 20:00;reservada;18647741-3;Ana Silva;SI;Piscina 2;Santa Cruz;20000;0;;03-11-25
RES-000460;13-02-25;13-02-25;19-02-25;ejecutada;16336276-7;Pedro Rojas;SI;Cabaa 13;Santa Cruz;720000;720000;transferencia;09-02-25
RES-000461;15-01-25;15-01-25;24-01-25;ejecutada;13532015-3;Luis Contreras;NO;Cabaa 16 X;Santiago Centro;1080000;1080000;tarjeta;13-01-25
RES-000462;13-04-25;13-04-25 08:00;13-04-25 09:00;reservada;21162735-2;Juan Perez;SI;Salon Eventos 2;Providencia;100000;0;;10-04-25
RES-000463;10-07-25;10-07-25;19-07-25;cancelada;20086756-4;Maria Gonzalez;SI;Cabaa 11;Santiago Centro;1080000;0;;06-07-25
RES-000464;03-09-25;03-09-25;04-09-25;cancelada;15819975-0;Pedro Rojas;SI;Cabaa 4;Santiago Centro;120000;0;;29-08-25
RES-000465;08-12-25;08-12-25;17-12-25;reservada;19652678-1;Juan Perez;NO;Cabaa 18 X;Santa Cruz;1080000;0;;04-12-25
RES-000466;15//25;20-05-25;28-05-25;cancelada;18876546-7;Juan Perez;SI;Cabaa 2;Santa Cruz;960000;0;;18-05-25
RES-000467;20-11-25;20-11-25;24-11-25;reservada;11414686-2;Maria Gonzalez;NO;Cabaa 19;Santiago Centro;480000;0;;18-11-25
RES-000468;05-09-25;05-09-25;11-09-25;reservada;16741872-8;Maria Gonzalez;NO;Cabaa 20;Santiago Centro;720000;0;;05-09-25
RES-000469;01-07-25;01-07-25;03-07-25;reservada;12013508-2;Ana Silva;NO;Cabaa 3;La Florida;240000;0;;30-06-25
RES-000470;06-03-25;06-03-25 17:00;06-03-25 18:00;ejecutada;6085414-9;Maria Gonzalez;SI;Cancha Futbolito Techada;Santa Cruz;35000;35000;tarjeta;06-03-25
RES-000471;06-10-25;06-10-25;11-10-25;ejecutada;5643136-5;Juan Perez;SI;Cabaa 15;Santiago Centro;600000;600000;efectivo;04-10-25
RES-000472;09-05-25;09-05-25 12:00;09-05-25 13:00;cancelada;16460920-0;Maria Gonzalez;SI;Cancha Tenis Aire Libre;Santa Cruz;25000;0;;04-05-25
RES-000473;01-01-25;01-01-25 19:00;01-01-25 20:00;ejecutada;15878471-8;Maria Gonzalez;NO;Cancha Basquetbol Aire Libre;Santa Cruz;25000;25000;transferencia;29-12-24
RES-000474;05-07-25;05-07-25;14-07-25;reservada;21861927-4;Pedro Rojas;SI;Cabaa 6;La Florida;1080000;0;;03-07-25
RES-000475;04-08-25;04-08-25 15:00;04-08-25 16:00;cancelada;13547030-9;Ana Silva;SI;Salon Eventos 4;La Florida;100000;0;;02-08-25
RES-000476;19-09-25;19-09-25 12:00;19-09-25 13:00;cancelada;7415624-K;Juan Perez;NO;Cancha Padel Aire Libre;Santiago Centro;25000;0;;14-09-25
RES-000477;10-04-25;10-04-25 14:00;10-04-25 15:00;cancelada;9183641-6;Maria Gonzalez;SI;Salon Eventos 3;Santa Cruz;100000;0;;07-04-25
RES-000478;13-11-25;13-11-25;13-11-25 16:00;cancelada;24639890-9;Luis Contreras;NO;Cancha Basquetbol Aire Libre X;Santa Cruz;25000;0;;09-11-25
RES-000479;01-01-25;01-01-25;03-01-25;reservada;14294949-0;Ana Silva;SI;Cabaa 20;Santa Cruz;240000;0;;30-12-24
RES-000480;08-07-25;08-07-25;18-07-25;cancelada;24831420-6;Luis Contreras;SI;Cabaa 11;Santiago Centro;1200000;0;;03-07-25
RES-000481;21-05-26;23-05-26 00:00;23-05-26 01:00;reservada;13792450-1;Juan Perez;NO;Cancha Padel Aire Libre;Providencia;25000;0;;27-11-25
RES-000482;07-04-25;07-04-25;11-04-25;cancelada;18053720-1;Ana Silva;SI;Cabaa 17;Providencia;480000;0;;04-04-25
RES-000483;01-06-25;01-06-25 16:00;01-06-25 17:00;ejecutada;5058687-1;Ana Silva;NO;Cancha Basquetbol Aire Libre;La Florida;25000;25000;tarjeta;30-05-25
RES-000484;09-05-26;11-05-26 03:00;11-05-26 04:00;reservada;21773123-2;Luis Contreras;SI;Cancha Padel Aire Libre;Santa Cruz;25000;0;;17-08-25
RES-000485;16-06-25;16-06-25;21-06-25;ejecutada;14292034-4;Luis Contreras;SI;Cabaa 15;Providencia;600000;600000;efectivo;14-06-25
RES-000486;19-04-25;19-04-25 10:00;19-04-25 11:00;ejecutada;17623443-1;Maria Gonzalez;NO;Salon Eventos 4;Santiago Centro;100000;100000;tarjeta;17-04-25
RES-000487;17-12-25;17-12-25 14:00;17-12-25 15:00;ejecutada;5137322-7;Juan Perez;SI;Restaurant 1;Santiago Centro;30000;30000;transferencia;13-12-25
RES-000488;15-02-25;15-02-25;15-02-25 22:00;reservada;6365576-1;Juan Perez;NO;Cancha Basquetbol Techada;Santa Cruz;35000;0;;11-02-25
RES-000489;08-11-25;08-11-25;12-11-25;ejecutada;11218435-K;Luis Contreras;NO;Cabaa 5;Santiago Centro;480000;480000;efectivo;05-11-25
RES-000490;01-12-25;01-12-25;09-12-25;reservada;20666104-6;Juan Perez;SI;Cabaa 8 X;Providencia;960000;0;;27-11-25
RES-000491;10-01-25;10-01-25;13-01-25;ejecutada;6126593-7;Juan Perez;SI;Cabaa 7;Providencia;360000;360000;tarjeta;10-01-25
RES-000492;07-12-25;07-12-25 11:00;07-12-25 12:00;cancelada;20928234-8;Pedro Rojas;NO;Salon Eventos 3;Providencia;100000;0;;02-12-25
RES-000493;01-07-25;01-07-25;07-07-25;reservada;9108775-8;Ana Silva;SI;Cabaa 10;Santiago Centro;720000;0;;29-06-25
RES-000494;07-02-25;07-02-25;07-02-25 16:00;ejecutada;9269949-8;Ana Silva;SI;Cancha Futbolito Techada X;Providencia;35000;35000;transferencia;05-02-25
RES-000495;05-12-25;05-12-25;11-12-25;cancelada;10949220-5;Maria Gonzalez;NO;Cabaa 3;Santa Cruz;720000;0;;05-12-25
RES-000496;12-03-25;12-03-25 21:00;12-03-25 22:00;cancelada;16304937-6;Juan Perez;NO;Restaurant 1;La Florida;30000;0;;10-03-25
RES-000497;10-04-25;10-04-25 12:00;10-04-25 13:00;cancelada;12774842-K;Ana Silva;SI;Cancha Tenis Aire Libre;Santa Cruz;25000;0;;08-04-25
RES-000498;02-08-25;02-08-25;12-08-25;ejecutada;7613535-5;Ana Silva;NO;Cabaa 4;Providencia;1200000;1200000;efectivo;31-07-25
RES-000499;12-04-25;12-04-25;21-04-25;ejecutada;5149595-0;Maria Gonzalez;SI;Cabaa 6;Santiago Centro;1080000;1080000;tarjeta;12-04-25
RES-000500;15-12-25;15-12-25 09:00;15-12-25 10:00;reservada;6126593-7;Juan Perez;NO;Cancha Basquetbol Techada;La Florida;35000;0;;10-12-25
RES-000501;10-01-25;10-01-25 16:00;10-01-25 17:00;cancelada;15440317-5;Ana Silva;SI;Salon Eventos 2;La Florida;100000;0;;06-01-25
RES-000502;18-07-25;18-07-25 19:00;18-07-25 20:00;reservada;24619463-7;Ana Silva;SI;Salon Eventos 3;Providencia;100000;0;;18-07-25
RES-000503;11-08-25;11-08-25;/05/25;cancelada;20394775-1;Pedro Rojas;SI;Cabaa 4;Santiago Centro;840000;0;;07-08-25
RES-000504;18-06-25;18-06-25 11:00;18-06-25 12:00;cancelada;18728677-8;Juan Perez;SI;Cancha Padel Techada;Santa Cruz;35000;0;;13-06-25
RES-000505;16-05-25;16-05-25 20:00;16-05-25 21:00;cancelada;8223654-6;Ana Silva;SI;Piscina 2;Santiago Centro;20000;0;;14-05-25
RES-000506;05-12-25;05-12-25 12:00;05-12-25 13:00;cancelada;15838325-K;Maria Gonzalez;SI;Piscina 2;Providencia;20000;0;;02-12-25
RES-000507;03-09-25;03-09-25;08-09-25;reservada;17133976-6;Juan Perez;NO;Cabaa 6;Santa Cruz;600000;0;;02-09-25
RES-000508;14-09-25;14-09-25 13:00;14-09-25 14:00;cancelada;15878471-8;Maria Gonzalez;NO;Piscina 1;Santiago Centro;20000;0;;09-09-25
RES-000509;19-01-25;19-01-25;23-01-25;reservada;14379507-1;Juan Perez;NO;Cabaa 9;La Florida;480000;0;;15-01-25
RES-000510;16-05-25;16-05-25 15:00;16-05-25 16:00;ejecutada;16657576-1;Luis Contreras;NO;Cancha Futbolito Aire Libre;La Florida;25000;25000;efectivo;16-05-25
RES-000511;16-04-25;16-04-25 15:00;16-04-25 16:00;cancelada;24402541-2;Luis Contreras;SI;Piscina 1;Providencia;20000;0;;15-04-25
RES-000512;15-09-25;15-09-25;17-09-25;cancelada;22287381-9;Ana Silva;NO;Cabaa 8;La Florida;240000;0;;12-09-25
RES-000513;03-08-25;03-08-25 22:00;03-08-25 23:00;cancelada;14861266-8;Ana Silva;SI;Cancha Basquetbol Techada;La Florida;35000;0;;29-07-25
RES-000514;02-05-25;02-05-25;03-05-25;reservada;18396692-8;Juan Perez;NO;Cabaa 13;Providencia;120000;0;;28-04-25
RES-000515;08-05-25;08-05-25;18-05-25;ejecutada;22746919-6;Maria Gonzalez;NO;Cabaa 9;Santiago Centro;1200000;1200000;transferencia;05-05-25
RES-000516;08-04-25;08-04-25;10-04-25;reservada;7826282-6;Maria Gonzalez;SI;Cabaa 1;Providencia;240000;0;;06-04-25
RES-000517;10-09-25;10-09-25 21:00;10-09-25 22:00;reservada;14843634-7;Juan Perez;NO;Piscina 2;Providencia;20000;0;;06-09-25
RES-000518;05-04-25;05-04-25;08-04-25;ejecutada;17049622-1;Pedro Rojas;SI;Cabaa 13;Providencia;360000;360000;tarjeta;02-04-25
RES-000519;13-01-25;13-01-25;14-01-25;reservada;22381571-5;Juan Perez;NO;Cabaa 15;Santa Cruz;120000;0;;12-01-25
RES-000520;17-11-25;17-11-25;19-11-25;cancelada;24090729-1;Pedro Rojas;SI;Cabaa 4;Providencia;240000;0;;17-11-25
RES-000521;01-08-25;01-08-25;10-08-25;ejecutada;21934163-6;Maria Gonzalez;NO;Cabaa 4;Santa Cruz;1080000;1080000;transferencia;01-08-25
RES-000522;15-09-25;15-09-25;17-09-25;reservada;21454860-7;Ana Silva;SI;Cabaa 10;Santiago Centro;240000;0;;15-09-25
RES-000523;02-06-25;02-06-25;08-06-25;ejecutada;7206185-3;Luis Contreras;NO;Cabaa 18;Santiago Centro;720000;720000;efectivo;02-06-25
RES-000524;05-06-25;05-06-25;09-06-25;cancelada;18616868-2;Luis Contreras;NO;Cabaa 15;Santa Cruz;480000;0;;02-06-25
RES-000525;14-06-25;14-06-25;20-06-25;cancelada;11627877-8;Pedro Rojas;NO;Cabaa 4;La Florida;720000;0;;13-06-25
RES-000526;07-12-25;07-12-25 20:00;07-12-25 21:00;ejecutada;19197001-2;Ana Silva;NO;Cancha Tenis Aire Libre X;Santiago Centro;25000;25000;efectivo;07-12-25
RES-000527;01-04-25;01-04-25;02-04-25;ejecutada;10698937-0;Pedro Rojas;NO;Cabaa 14;La Florida;120000;120000;transferencia;28-03-25
RES-000528;03-04-25;03-04-25 10:00;03-04-25 11:00;cancelada;15035367-K;Maria Gonzalez;NO;Cancha Tenis Techada;La Florida;35000;0;;29-03-25
RES-000529;02-11-25;02-11-25;09-11-25;cancelada;24536401-6;Luis Contreras;SI;Cabaa 13;Santa Cruz;840000;0;;31-10-25
RES-000530;12-03-25;12-03-25;21-03-25;reservada;22075434-0;Ana Silva;SI;Cabaa 14;La Florida;1080000;0;;11-03-25
RES-000531;13-08-25;13-08-25;17-08-25;ejecutada;16564154-K;Juan Perez;NO;Cabaa 20;Providencia;480000;480000;transferencia;13-08-25
RES-000532;17-10-25;17-10-25;18-10-25;reservada;17505864-8;Maria Gonzalez;NO;Cabaa 8;Santa Cruz;120000;0;;16-10-25
RES-000533;04-04-25;04-04-25 16:00;04-04-25 17:00;cancelada;15148285-6;Luis Contreras;NO;Cancha Padel Techada;La Florida;35000;0;;30-03-25
RES-000534;13-04-25;13-04-25;21-04-25;cancelada;23498184-6;Juan Perez;SI;Cabaa 16;Santa Cruz;960000;0;;12-04-25
RES-000535;13-11-25;13-11-25 10:00;13-11-25 11:00;reservada;9203394-5;Luis Contreras;NO;Salon Eventos 3;Santa Cruz;100000;0;;13-11-25
RES-000536;06-07-25;06-07-25 15:00;06-07-25 16:00;ejecutada;8223654-6;Ana Silva;NO;Cancha Futbolito Techada;Santiago Centro;35000;35000;tarjeta;05-07-25
RES-000537;05-10-25;05-10-25;09-10-25;reservada;24505775-K;Maria Gonzalez;NO;Cabaa 17;La Florida;480000;0;;01-10-25
RES-000538;17-05-25;17-05-25;18-05-25;reservada;12892449-3;Pedro Rojas;SI;Cabaa 12;La Florida;120000;0;;17-05-25
RES-000539;19-02-25;19-02-25 22:00;19-02-25 23:00;cancelada;15838325-K;Maria Gonzalez;NO;Cancha Tenis Techada;Providencia;35000;0;;17-02-25
RES-000540;14-02-25;14-02-25 22:00;14-02-25 23:00;reservada;14843634-7;Juan Perez;SI;Cancha Padel Aire Libre;Santiago Centro;25000;0;;10-02-25
RES-000541;02-06-25;02-06-25 13:00;02-06-25 14:00;reservada;19576306-2;Luis Contreras;NO;Cancha Padel Techada;Santiago Centro;35000;0;;28-05-25
RES-000542;02-06-25;02-06-25 17:00;02-06-25 18:00;ejecutada;17553993-K;Ana Silva;SI;Salon Eventos 4;Providencia;100000;100000;tarjeta;02-06-25
RES-000543;18-04-25;18-04-25 09:00;18-04-25 10:00;cancelada;24002475-6;Luis Contreras;SI;Cancha Futbolito Techada;Santa Cruz;35000;0;;15-04-25
RES-000544;08-07-25;08-07-25 16:00;08-07-25 17:00;reservada;23457711-5;Luis Contreras;NO;Restaurant 2;Santa Cruz;30000;0;;04-07-25
RES-000545;06-10-25;06-10-25;15-10-25;cancelada;18933016-2;Juan Perez;SI;Cabaa 10;La Florida;1080000;0;;02-10-25
RES-000546;17-03-25;17-03-25 21:00;17-03-25 22:00;ejecutada;13006129-K;Pedro Rojas;SI;Salon Eventos 1;Providencia;100000;100000;tarjeta;16-03-25
RES-000547;15-02-25;15-02-25;15-02-25 14:00;ejecutada;18467664-2;Pedro Rojas;SI;Restaurant 1;Santiago Centro;30000;30000;tarjeta;14-02-25
RES-000548;04-05-25;04-05-25 09:00;04-05-25 10:00;cancelada;18646254-8;Pedro Rojas;SI;Salon Eventos 2;Santa Cruz;100000;0;;29-04-25
RES-000549;20-08-25;20-08-25 13:00;20-08-25 14:00;reservada;23491307-7;Maria Gonzalez;SI;Cancha Basquetbol Aire Libre;Santiago Centro;25000;0;;16-08-25
RES-000550;12-01-25;12-01-25;12-01-25 16:00;cancelada;6973970-9;Pedro Rojas;NO;Salon Eventos 2;La Florida;100000;0;;09-01-25
RES-000551;13-03-25;13-03-25 22:00;13-03-25 23:00;reservada;10478754-1;Pedro Rojas;SI;Cancha Futbolito Aire Libre;La Florida;25000;0;;09-03-25
RES-000552;16-02-25;16-02-25;20-02-25;reservada;15594513-3;Pedro Rojas;NO;Cabaa 19;Santiago Centro;480000;0;;11-02-25
RES-000553;19-10-25;19-10-25;21-10-25;cancelada;23939824-3;Juan Perez;NO;Cabaa 16;Santa Cruz;240000;0;;19-10-25
RES-000554;15-06-25;15-06-25;20-06-25;ejecutada;19443419-7;Pedro Rojas;SI;Cabaa 6;Providencia;600000;600000;tarjeta;11-06-25
RES-000555;10-03-25;10-03-25;14-03-25;ejecutada;16094679-2;Ana Silva;NO;Cabaa 1;Santa Cruz;480000;480000;efectivo;05-03-25
RES-000556;15-12-25;15-12-25 22:00;15-12-25 23:00;reservada;21162735-2;Juan Perez;NO;Cancha Tenis Techada;La Florida;35000;0;;12-12-25
RES-000557;11-04-25;11-04-25 19:00;11-04-25 20:00;cancelada;20328291-5;Juan Perez;NO;Restaurant 2;Providencia;30000;0;;07-04-25
RES-000558;02-02-25;02-02-25 14:00;02-02-25 15:00;ejecutada;21863652-7;Luis Contreras;NO;Cancha Futbolito Aire Libre;Santiago Centro;25000;25000;transferencia;01-02-25
RES-000559;09-08-25;09-08-25;12-08-25;cancelada;19652678-1;Juan Perez;NO;Cabaa 20;Santiago Centro;360000;0;;09-08-25
RES-000560;20-11-25;20-11-25 10:00;20-11-25 11:00;reservada;6951223-2;Maria Gonzalez;SI;Cancha Tenis Techada;Santa Cruz;35000;0;;18-11-25
RES-000561;12-11-25;12-11-25;14-11-25;reservada;19715915-4;Luis Contreras;SI;Cabaa 15;Santiago Centro;240000;0;;09-11-25
RES-000562;04-05-25;04-05-25 13:00;04-05-25 14:00;ejecutada;19048151-4;Ana Silva;NO;Cancha Tenis Techada;Providencia;35000;35000;transferencia;02-05-25
RES-000563;16-03-25;16-03-25;19-03-25;ejecutada;6126593-7;Juan Perez;NO;Cabaa 12;La Florida;360000;360000;transferencia;16-03-25
RES-000564;12-09-25;12-09-25;13-09-25;reservada;22812135-5;Ana Silva;NO;Cabaa 19;La Florida;120000;0;;11-09-25
RES-000565;07-09-25;07-09-25 20:00;07-09-25 21:00;ejecutada;9354610-5;Luis Contreras;SI;Cancha Basquetbol Aire Libre;La Florida;25000;25000;tarjeta;07-09-25
RES-000566;13-05-25;13-05-25;19-05-25;cancelada;21793681-0;Juan Perez;SI;Cabaa 14;Santiago Centro;720000;0;;08-05-25
RES-000567;10-02-25;10-02-25;19-02-25;reservada;24981138-6;Juan Perez;NO;Cabaa 4;Santiago Centro;1080000;0;;10-02-25
RES-000568;19-06-25;19-06-25 21:00;19-06-25 22:00;ejecutada;18616868-2;Luis Contreras;NO;Restaurant 1;La Florida;30000;30000;tarjeta;16-06-25
RES-000569;20-02-25;abc/12/25;27-02-25;cancelada;15878471-8;Maria Gonzalez;NO;Cabaa 3;Santa Cruz;840000;0;;16-02-25
RES-000570;11-02-25;11-02-25;19-02-25;ejecutada;10645717-4;Pedro Rojas;SI;Cabaa 14;Santa Cruz;960000;960000;transferencia;10-02-25
RES-000571;02-09-25;02-09-25;02-09-25 12:00;ejecutada;22746919-6;Maria Gonzalez;NO;Cancha Futbolito Aire Libre;La Florida;25000;25000;tarjeta;30-08-25
RES-000572;13-10-25;13-10-25 14:00;13-10-25 15:00;reservada;23250659-8;Maria Gonzalez;SI;Cancha Basquetbol Techada;Santiago Centro;35000;0;;10-10-25
RES-000573;09-01-25;09-01-25;15-01-25;reservada;16530236-2;Pedro Rojas;NO;Cabaa 13;Providencia;720000;0;;04-01-25
RES-000574;01-06-25;01-06-25 09:00;01-06-25 10:00;reservada;10949220-5;Maria Gonzalez;NO;Salon Eventos 1;Santiago Centro;100000;0;;31-05-25
RES-000575;18-08-25;18-08-25 10:00;18-08-25 11:00;reservada;15499152-2;Maria Gonzalez;SI;Cancha Basquetbol Aire Libre;Santiago Centro;25000;0;;17-08-25
RES-000576;01-08-25;01-08-25 09:00;01-08-25 10:00;ejecutada;24427724-1;Maria Gonzalez;NO;Cancha Basquetbol Techada;La Florida;35000;35000;transferencia;27-07-25
RES-000577;19-08-25;19-08-25 12:00;19-08-25 13:00;reservada;23369020-1;Ana Silva;NO;Salon Eventos 2;Providencia;100000;0;;17-08-25
RES-000578;12-08-25;12-08-25 22:00;12-08-25 23:00;reservada;14756759-6;Juan Perez;SI;Cancha Basquetbol Techada;La Florida;35000;0;;07-08-25
RES-000579;18-09-25;18-09-25 19:00;18-09-25 20:00;reservada;17911506-9;Pedro Rojas;NO;Salon Eventos 1;Santa Cruz;100000;0;;16-09-25
RES-000580;09-01-25;09-01-25 10:00;09-01-25 11:00;ejecutada;24949712-6;Luis Contreras;SI;Salon Eventos 3;Santa Cruz;100000;100000;tarjeta;09-01-25
RES-000581;18-02-25;18-02-25 10:00;18-02-25 11:00;reservada;21156024-K;Maria Gonzalez;NO;Cancha Tenis Aire Libre;Santiago Centro;25000;0;;17-02-25
RES-000582;03-04-25;03-04-25;08-04-25;reservada;9354610-5;Luis Contreras;SI;Cabaa 3;Santiago Centro;600000;0;;03-04-25
RES-000583;14-11-25;14-11-25 16:00;14-11-25 17:00;ejecutada;7130867-7;Luis Contreras;NO;Cancha Basquetbol Aire Libre;Santiago Centro;25000;25000;tarjeta;09-11-25
RES-000584;01-02-25;01-02-25;05-02-25;cancelada;15148285-6;Luis Contreras;SI;Cabaa 15;La Florida;480000;0;;29-01-25
RES-000585;03-10-25;03-10-25;06-10-25;reservada;21156024-6;Maria Gonzalez;NO;Cabaa 17;Santa Cruz;360000;0;;02-10-25
RES-000586;03-02-25;03-02-25 08:00;03-02-25 09:00;reservada;22852757-2;Ana Silva;SI;Cancha Tenis Aire Libre;Santa Cruz;25000;0;;30-01-25
RES-000587;15-05-25;15-05-25 18:00;15-05-25 19:00;cancelada;5475559-7;Luis Contreras;SI;Salon Eventos 4;La Florida;100000;0;;12-05-25
RES-000588;05-11-25;05-11-25 17:00;05-11-25 18:00;ejecutada;10119752-2;Juan Perez;SI;Cancha Padel Aire Libre;Santiago Centro;25000;25000;efectivo;31-10-25
RES-000589;10-12-25;10-12-25;12-12-25;cancelada;13397853-4;Juan Perez;NO;Cabaa 9;Santa Cruz;240000;0;;06-12-25
RES-000590;03-01-25;03-01-25 17:00;03-01-25 18:00;reservada;11414686-2;Maria Gonzalez;NO;Piscina 2;Providencia;20000;0;;30-12-24
RES-000591;01-02-25;01-02-25;02-02-25;reservada;23250659-8;Maria Gonzalez;NO;Cabaa 20;La Florida;120000;0;;27-01-25
RES-000592;01-06-25;01-06-25;10-06-25;reservada;16451339-4;Pedro Rojas;NO;Cabaa 14;Santiago Centro;1080000;0;;30-05-25
RES-000593;04-07-25;04-07-25;09-07-25;cancelada;8309406-0;Luis Contreras;NO;Cabaa 8;Santiago Centro;600000;0;;29-06-25
RES-000594;09-10-25;09-10-25;10-10-25;reservada;5149595-0;Maria Gonzalez;SI;Cabaa 16;Santa Cruz;120000;0;;07-10-25
RES-000595;20-05-25;20-05-25;30-05-25;reservada;13534305-6;Juan Perez;NO;Cabaa 11;La Florida;1200000;0;;19-05-25
RES-000596;02-10-25;02-10-25 19:00;02-10-25 20:00;ejecutada;22110547-8;Maria Gonzalez;SI;Salon Eventos 2;Santiago Centro;100000;100000;efectivo;02-10-25
RES-000597;20-06-25;20-06-25;28-06-25;reservada;11862631-1;Ana Silva;NO;Cabaa 20;Santa Cruz;960000;0;;15-06-25
RES-000598;02-02-25;02-02-25 21:00;02-02-25 22:00;cancelada;13233936-8;Maria Gonzalez;NO;Salon Eventos 2;Santa Cruz;100000;0;;01-02-25
RES-000599;06-04-25;06-04-25 15:00;06-04-25 16:00;ejecutada;10679568-1;Luis Contreras;NO;Salon Eventos 2;Providencia;100000;100000;tarjeta;06-04-25
RES-000600;02-03-25;02-03-25;06-03-25;ejecutada;9226402-5;Ana Silva;NO;Cabaa 20;Santa Cruz;480000;480000;transferencia;28-02-25
RES-000601;13-07-25;13-07-25 19:00;13-07-25 20:00;cancelada;15047491-4;Ana Silva;SI;Piscina 2;Providencia;20000;0;;13-07-25
RES-000602;09-02-25;09-02-25;15-02-25;ejecutada;14756759-6;Juan Perez;NO;Cabaa 9;Providencia;720000;720000;transferencia;09-02-25
RES-000603;03-09-25;03-09-25;13-09-25;ejecutada;12756727-1;Luis Contreras;SI;Cabaa 14;Providencia;1200000;1200000;transferencia;02-09-25
RES-000604;10-12-25;10-12-25 09:00;10-12-25 10:00;reservada;20812193-6;Pedro Rojas;SI;Cancha Tenis Aire Libre;La Florida;25000;0;;08-12-25
RES-000605;16-03-25;16-03-25 18:00;16-03-25 19:00;cancelada;17506787-6;Pedro Rojas;SI;Piscina 1;Providencia;20000;0;;16-03-25
RES-000606;04-06-25;04-06-25;07-06-25;ejecutada;6085414-9;Maria Gonzalez;SI;Cabaa 15;Santa Cruz;360000;360000;tarjeta;03-06-25
RES-000607;18-10-25;18-10-25;27-10-25;reservada;19576306-2;Luis Contreras;SI;Cabaa 18;Providencia;1080000;0;;13-10-25
RES-000608;02-07-25;02-07-25;07-07-25;reservada;15338995-0;Ana Silva;SI;Cabaa 10;Providencia;600000;0;;30-06-25
RES-000609;01-04-25;01-04-25;01-04-25 20:00;reservada;19430435-8;Maria Gonzalez;NO;Salon Eventos 1;La Florida;100000;0;;30-03-25
RES-000610;13-08-25;13-08-25 19:00;13-08-25 20:00;ejecutada;6204457-8;Luis Contreras;SI;Cancha Basquetbol Aire Libre;Providencia;25000;25000;tarjeta;09-08-25
RES-000611;05-04-25;05-04-25 22:00;05-04-25 23:00;reservada;15121060-0;Ana Silva;NO;Cancha Futbolito Aire Libre;Santiago Centro;25000;0;;03-04-25
RES-000612;12-04-25;12-04-25;13-04-25;ejecutada;9843733-9;Maria Gonzalez;SI;Cabaa 6;Santa Cruz;120000;120000;tarjeta;08-04-25
RES-000613;20-03-25;20-03-25;25-03-25;reservada;22703981-7;Juan Perez;NO;Cabaa 10;Providencia;600000;0;;16-03-25
RES-000614;18-12-25;18-12-25;21-12-25;reservada;16257735-2;Maria Gonzalez;SI;Cabaa 5;Santa Cruz;360000;0;;14-12-25
RES-000615;16-06-25;16-06-25;20-06-25;ejecutada;10776000-8;Luis Contreras;SI;Cabaa 12;Santiago Centro;480000;480000;transferencia;15-06-25
RES-000616;11-06-25;11-06-25 12:00;11-06-25 13:00;reservada;15594513-3;Pedro Rojas;SI;Salon Eventos 1;Santiago Centro;100000;0;;07-06-25
RES-000617;08-11-25;08-11-25;09-11-25;reservada;5854603-8;Luis Contreras;SI;Cabaa 8;Providencia;120000;0;;08-11-25
RES-000618;16-08-25;16-08-25 22:00;16-08-25 23:00;cancelada;23457711-5;Luis Contreras;SI;Cancha Futbolito Techada;La Florida;35000;0;;11-08-25
RES-000619;19-10-25;19-10-25;10/10/;cancelada;7613535-5;Ana Silva;SI;Cabaa 19 X;La Florida;960000;0;;16-10-25
RES-000620;10-05-25;10-05-25;12-05-25;cancelada;20859114-2;Luis Contreras;NO;Cabaa 11;Santa Cruz;240000;0;;08-05-25
RES-000621;02-10-25;02-10-25;06-10-25;ejecutada;21162735-2;Juan Perez;NO;Cabaa 16;Santiago Centro;480000;480000;efectivo;29-09-25
RES-000622;17-09-25;17-09-25;20-09-25;ejecutada;18086493-8;Maria Gonzalez;SI;Cabaa 15;Providencia;360000;360000;efectivo;16-09-25
RES-000623;20-08-25;20-08-25;25-08-25;reservada;5373421-9;Luis Contreras;SI;Cabaa 1;La Florida;600000;0;;18-08-25
RES-000624;08-04-25;08-04-25 19:00;08-04-25 20:00;reservada;22367120-9;Pedro;NO;Cancha Basquetbol Techada;Providencia;35000;0;;03-04-25
RES-000625;12-10-25;12-10-25 17:00;12-10-25 18:00;cancelada;18154120-2;Maria Gonzalez;NO;Restaurant 2;La Florida;30000;0;;10-10-25
RES-000626;14-08-25;14-08-25;19-08-25;ejecutada;13775714-1;Luis Contreras;SI;Cabaa 13;La Florida;600000;600000;efectivo;10-08-25
RES-000627;03-06-25;03-06-25 11:00;03-06-25 12:00;ejecutada;14584200-K;Pedro Rojas;SI;Restaurant 1;La Florida;30000;30000;efectivo;29-05-25
RES-000628;15-01-25;15-01-25 19:00;15-01-25 20:00;cancelada;21454860-7;Ana Silva;SI;Salon Eventos 1;Santiago Centro;100000;0;;10-01-25
RES-000629;15-07-25;15-07-25;18-07-25;ejecutada;20086756-4;Maria Gonzalez;SI;Cabaa 3;La Florida;360000;360000;efectivo;11-07-25
RES-000630;20-06-25;20-06-25;30-06-25;cancelada;24138079-3;Juan Perez;NO;Cabaa 3;Santiago Centro;1200000;0;;17-06-25
RES-000631;02-04-25;02-04-25 14:00;02-04-25 15:00;reservada;6807678-1;Pedro Rojas;SI;Restaurant 1;La Florida;30000;0;;02-04-25
RES-000632;14-07-25;14-07-25;14-07-25 21:00;cancelada;17820790-3;Juan Perez;NO;Cancha Basquetbol Techada;Santiago Centro;35000;0;;12-07-25
RES-000633;17-01-25;17-01-25 21:00;17-01-25 22:00;reservada;10120385-9;Maria Gonzalez;SI;Salon Eventos 4;Santiago Centro;100000;0;;12-01-25
RES-000634;09-09-25;09-09-25 13:00;09-09-25 14:00;cancelada;18933016-2;Juan Perez;SI;Piscina 1;La Florida;20000;0;;08-09-25
RES-000635;10-05-25;10-05-25 10:00;10-05-25 11:00;ejecutada;9843733-9;Maria Gonzalez;NO;Cancha Futbolito Aire Libre;Santa Cruz;25000;25000;efectivo;06-05-25
RES-000636;17-09-25;17-09-25;26-09-25;reservada;8954537-4;Luis Contreras;SI;Cabaa 3;La Florida;1080000;0;;12-09-25
RES-000637;07-08-25;07-08-25;11-08-25;ejecutada;11885348-2;Pedro Rojas;SI;Cabaa 12;Providencia;480000;480000;transferencia;07-08-25
RES-000638;16-11-25;16-11-25 13:00;16-11-25 14:00;cancelada;12027524-0;Juan Perez;SI;Cancha Futbolito Aire Libre;Santiago Centro;25000;0;;16-11-25
RES-000639;13-06-25;13-06-25;20-06-25;ejecutada;21863652-7;Luis Contreras;NO;Cabaa 7;Providencia;840000;840000;transferencia;10-06-25
RES-000640;04-01-25;04-01-25;13-01-25;reservada;9564786-3;Ana Silva;NO;Cabaa 16;Providencia;1080000;0;;02-01-25
RES-000641;10/10/;13-03-25;19-03-25;cancelada;17623443-1;Maria Gonzalez;NO;Cabaa 14 X;La Florida;720000;0;;09-03-25
RES-000642;12-10-25;12-10-25 19:00;12-10-25 20:00;reservada;16460920-0;Maria Gonzalez;NO;Salon Eventos 2;Santa Cruz;100000;0;;11-10-25
RES-000643;14-11-25;14-11-25;20-11-25;cancelada;21452115-6;Pedro Rojas;SI;Cabaa 3;La Florida;720000;0;;12-11-25
RES-000644;15-09-25;15-09-25;16-09-25;ejecutada;5395622-K;Pedro Rojas;NO;Cabaa 7;Santiago Centro;120000;120000;efectivo;10-09-25
RES-000645;19-04-25;19-04-25;23-04-25;ejecutada;5427877-2;Juan Perez;NO;Cabaa 7;Providencia;480000;480000;transferencia;14-04-25
RES-000646;16-06-25;16-06-25;25-06-25;cancelada;11521745-3;Ana Silva;NO;Cabaa 3;Providencia;1080000;0;;13-06-25
RES-000647;08-08-25;08-08-25;13-08-25;reservada;19052661-5;Maria Gonzalez;SI;Cabaa 7;La Florida;600000;0;;04-08-25
RES-000648;12-11-25;12-11-25;17-11-25;ejecutada;8442882-5;Ana Silva;NO;Cabaa 7;Santa Cruz;600000;600000;efectivo;12-11-25
RES-000649;10-01-25;10-01-25 12:00;10-01-25 13:00;cancelada;15795747-3;Ana Silva;NO;Cancha Padel Aire Libre;Santa Cruz;25000;0;;07-01-25
RES-000650;10-02-25;10-02-25;17-02-25;cancelada;5854603-8;Luis Contreras;SI;Cabaa 15;Santiago Centro;840000;0;;05-02-25
RES-000651;11-09-25;11-09-25 15:00;11-09-25 16:00;reservada;9486514-K;Luis Contreras;SI;Cancha Padel Aire Libre;Santa Cruz;25000;0;;08-09-25
RES-000652;04-12-25;04-12-25;08-12-25;cancelada;16214968-7;Luis Contreras;NO;Cabaa 13;Santiago Centro;480000;0;;01-12-25
RES-000653;01-07-25;01-07-25 20:00;01-07-25 21:00;ejecutada;21162735-2;Juan;NO;Cancha Padel Aire Libre;La Florida;25000;25000;efectivo;30-06-25
RES-000654;04-10-25;04-10-25;13-10-25;cancelada;23835968-6;Juan Perez;SI;Cabaa 5;Providencia;1080000;0;;02-10-25
RES-000655;24-07-26;26-07-26 11:00;01-08-26 11:00;reservada;9354610-5;Luis Contreras;SI;Cabaa 8;La Florida;720000;0;;06-02-25
RES-000656;16-08-25;16-08-25;16-08-25 20:00;reservada;14586066-0;Ana Silva;NO;Restaurant 2 X;La Florida;30000;0;;14-08-25
RES-000657;13-02-25;13-02-25 14:00;13-02-25 15:00;cancelada;17263289-0;Juan Perez;SI;Cancha Basquetbol Aire Libre;Santiago Centro;25000;0;;13-02-25
RES-000658;08-11-25;08-11-25;14-11-25;reservada;7777224-3;Maria Gonzalez;SI;Cabaa 9;Santa Cruz;720000;0;;06-11-25
RES-000659;19-07-25;19-07-25;25-07-25;cancelada;19599688-1;Juan Perez;NO;Cabaa 9;Santiago Centro;720000;0;;16-07-25
RES-000660;02-09-25;02-09-25;09-09-25;cancelada;23046980-6;Luis Contreras;SI;Cabaa 6;Santiago Centro;840000;0;;01-09-25
RES-000661;04-05-25;04-05-25 10:00;04-05-25 11:00;ejecutada;18776636-2;Pedro Rojas;NO;Cancha Padel Aire Libre;La Florida;25000;25000;efectivo;01-05-25
RES-000662;03-10-25;03-10-25;04-10-25;cancelada;19443419-7;Pedro Rojas;SI;Cabaa 6;Santiago Centro;120000;0;;03-10-25
RES-000663;13-10-25;13-10-25;20-10-25;reservada;15088563-9;Pedro Rojas;SI;Cabaa 5;Santa Cruz;840000;0;;11-10-25
RES-000664;05-06-25;05-06-25 20:00;05-06-25 21:00;ejecutada;24090729-1;Pedro Rojas;SI;Salon Eventos 1;Santiago Centro;100000;100000;efectivo;01-06-25
RES-000665;06-03-25;06-03-25 11:00;06-03-25 12:00;reservada;16304937-6;Juan Perez;SI;Cancha Futbolito Aire Libre;La Florida;25000;0;;05-03-25
RES-000666;04-11-25;04-11-25;13-11-25;ejecutada;24090729-1;Pedro Rojas;NO;Cabaa 3;Santa Cruz;1080000;1080000;transferencia;30-10-25
RES-000667;18-05-25;18-05-25 12:00;18-05-25 13:00;reservada;6761777-0;Luis Contreras;SI;Cancha Basquetbol Techada;Santa Cruz;35000;0;;15-05-25
RES-000668;12-10-25;12-10-25;22-10-25;reservada;14861266-8;Ana Silva;NO;Cabaa 9;Providencia;1200000;0;;11-10-25
RES-000669;01-03-25;01-03-25;04-03-25;cancelada;9430073-8;Ana Silva;SI;Cabaa 15;Santa Cruz;360000;0;;27-02-25
RES-000670;20-06-25;20-06-25 09:00;20-06-25 10:00;ejecutada;16479158-0;Pedro Rojas;SI;Restaurant 1;La Florida;30000;30000;tarjeta;16-06-25
RES-000671;13-02-25;13-02-25 09:00;13-02-25 10:00;cancelada;15677425-1;Luis Contreras;SI;Cancha Basquetbol Techada;Santiago Centro;35000;0;;11-02-25
RES-000672;06-05-25;06-05-25 12:00;06-05-25 13:00;reservada;23498184-6;Juan Perez;SI;Cancha Tenis Aire Libre;Providencia;25000;0;;02-05-25
RES-000673;26-05-26;28-05-26 15:00;28-05-26 16:00;reservada;19048151-4;Ana Silva;NO;Cancha Padel Techada;La Florida;35000;0;;27-06-25
RES-000674;07-12-25;07-12-25;16-12-25;ejecutada;5137322-7;Juan Perez;NO;Cabaa 20;Providencia;1080000;1080000;efectivo;06-12-25
RES-000675;16-09-25;16-09-25;22-09-25;cancelada;9706683-3;Ana Silva;NO;Cabaa 18;Santa Cruz;720000;0;;11-09-25
RES-000676;10-12-25;10-12-25;11-12-25;cancelada;5757659-6;Pedro Rojas;SI;Cabaa 6;La Florida;120000;0;;09-12-25
RES-000677;07-10-25;07-10-25;09-10-25;cancelada;17263289-0;Juan Perez;SI;Cabaa 8;Providencia;240000;0;;07-10-25
RES-000678;10-10-25;10-10-25 09:00;10-10-25 10:00;cancelada;6807678-1;Pedro Rojas;NO;Cancha Tenis Aire Libre;La Florida;25000;0;;10-10-25
RES-000679;14-12-25;14-12-25 12:00;14-12-25 13:00;reservada;22367120-9;Pedro Rojas;NO;Salon Eventos 3;La Florida;100000;0;;09-12-25
RES-000680;06-01-25;06-01-25;13-01-25;cancelada;16054257-8;Luis Contreras;NO;Cabaa 16;Santiago Centro;840000;0;;05-01-25
RES-000681;18-06-25;18-06-25;20-06-25;ejecutada;6858349-7;Luis Contreras;SI;Cabaa 20;Santiago Centro;240000;240000;efectivo;14-06-25
RES-000682;08-07-25;08-07-25 09:00;08-07-25 10:00;cancelada;17647891-8;Maria Gonzalez;NO;Salon Eventos 3;Santa Cruz;100000;0;;05-07-25
RES-000683;20-02-25;20-02-25 15:00;20-02-25 16:00;reservada;20194778-2;Ana Silva;NO;Restaurant 1;Santiago Centro;30000;0;;20-02-25
RES-000684;17-03-25;17-03-25 22:00;17-03-25 23:00;reservada;5135966-6;Pedro Rojas;NO;Cancha Padel Techada;La Florida;35000;0;;16-03-25
RES-000685;11-05-25;11-05-25;17-05-25;reservada;8356612-4;Pedro Rojas;NO;Cabaa 18;Providencia;720000;0;;06-05-25
RES-000686;01-10-25;01-10-25 19:00;01-10-25 20:00;ejecutada;22852757-2;Ana Silva;NO;Piscina 2;Santiago Centro;20000;20000;transferencia;28-09-25
RES-000687;17-05-25;17-05-25;23-05-25;reservada;18086493-8;Maria Gonzalez;NO;Cabaa 3;Santiago Centro;720000;0;;15-05-25
RES-000688;12-06-25;12-06-25;17-06-25;reservada;6884770-2;Luis Contreras;SI;Cabaa 5;Santiago Centro;600000;0;;09-06-25
RES-000689;01-04-25;01-04-25 12:00;01-04-25 13:00;reservada;19195488-2;Pedro Rojas;NO;Piscina 1;Santiago Centro;20000;0;;31-03-25
RES-000690;07-12-25;07-12-25;11-12-25;reservada;16887747-1;Luis Contreras;NO;Cabaa 13;La Florida;480000;0;;06-12-25
RES-000691;04-11-25;04-11-25;09-11-25;ejecutada;7781298-9;Pedro Rojas;SI;Cabaa 13;Santa Cruz;600000;600000;efectivo;03-11-25
RES-000692;15-10-25;15-10-25;22-10-25;reservada;18602114-2;Juan Perez;NO;Cabaa 18;Providencia;840000;0;;15-10-25
RES-000693;15-05-25;15-05-25;16-05-25;cancelada;18910856-7;Maria Gonzalez;NO;Cabaa 2;La Florida;120000;0;;14-05-25
RES-000694;18-01-25;18-01-25;25-01-25;cancelada;19895777-1;Juan Perez;SI;Cabaa 6;Santiago Centro;840000;0;;17-01-25
RES-000695;16-11-25;16-11-25 22:00;16-11-25 23:00;cancelada;19332680-3;Ana Silva;NO;Salon Eventos 3;Providencia;100000;0;;16-11-25
RES-000696;10-06-25;10-06-25 18:00;10-06-25 19:00;cancelada;14254375-3;Pedro Rojas;SI;Cancha Padel Aire Libre;Santiago Centro;25000;0;;06-06-25
RES-000697;19-09-25;19-09-25;20-09-25;reservada;16990297-6;Ana Silva;NO;Cabaa 18;Santiago Centro;120000;0;;15-09-25
RES-000698;18-08-25;18-08-25;27-08-25;reservada;21351051-7;Ana Silva;SI;Cabaa 8;Santa Cruz;1080000;0;;16-08-25
RES-000699;19-09-25;19-09-25;22-09-25;reservada;15088563-9;Pedro Rojas;SI;Cabaa 5;Santiago Centro;360000;0;;19-09-25
RES-000700;18-04-25;18-04-25;24-04-25;ejecutada;8805000-2;Maria Gonzalez;NO;Cabaa 13;Santiago Centro;720000;720000;tarjeta;17-04-25
RES-000701;03-02-25;03-02-25;06-02-25;cancelada;21783745-6;Maria Gonzalez;SI;Cabaa 14;La Florida;360000;0;;29-01-25
RES-000702;19-07-25;19-07-25;26-07-25;ejecutada;22512308-K;Pedro Rojas;SI;Cabaa 9;Santiago Centro;840000;840000;transferencia;19-07-25
RES-000703;14-02-25;14-02-25;15-02-25;reservada;19599688-1;Juan Perez;SI;Cabaa 20;Providencia;120000;0;;09-02-25
RES-000704;15//25;04-07-25;07-07-25;ejecutada;19727843-0;Luis Contreras;NO;Cabaa 14;Santa Cruz;360000;360000;tarjeta;02-07-25
RES-000705;17-11-25;17-11-25 09:00;17-11-25 10:00;cancelada;8409701-2;Pedro Rojas;NO;Piscina 2;Santa Cruz;20000;0;;16-11-25
RES-000706;14-02-25;14-02-25;17-02-25;cancelada;6973970-9;Pedro Rojas;NO;Cabaa 19;Providencia;360000;0;;10-02-25
RES-000707;19-07-25;19-07-25 10:00;19-07-25 11:00;reservada;18971062-3;Juan Perez;SI;Cancha Tenis Techada;Santiago Centro;35000;0;;18-07-25
RES-000708;07-06-25;07-06-25;17-06-25;ejecutada;11219981-0;Pedro Rojas;NO;Cabaa 10;Santiago Centro;1200000;1200000;tarjeta;03-06-25
RES-000709;10-04-25;10-04-25 16:00;10-04-25 17:00;ejecutada;11727551-5;Maria Gonzalez;NO;Salon Eventos 3;Santiago Centro;100000;100000;efectivo;07-04-25
RES-000710;14-08-25;14-08-25 22:00;14-08-25 23:00;reservada;5983819-9;Ana Silva;NO;Cancha Tenis Aire Libre;Providencia;25000;0;;11-08-25
RES-000711;18-09-25;18-09-25;19-09-25;reservada;21861927-4;Pedro Rojas;SI;Cabaa 12;Providencia;120000;0;;17-09-25
RES-000712;07-12-25;07-12-25;14-12-25;reservada;18568061-4;Ana Silva;SI;Cabaa 20;Santa Cruz;840000;0;;05-12-25
RES-000713;15-01-25;15-01-25;20-01-25;cancelada;19332680-3;Ana Silva;NO;Cabaa 12;La Florida;600000;0;;12-01-25
RES-000714;03-09-25;03-09-25 22:00;03-09-25 23:00;reservada;10272070-9;Pedro Rojas;NO;Piscina 1;Santa Cruz;20000;0;;03-09-25
RES-000715;17-12-25;17-12-25;24-12-25;reservada;8356612-4;Pedro Rojas;NO;Cabaa 13;La Florida;840000;0;;12-12-25
RES-000716;17-10-25;17-10-25 14:00;17-10-25 15:00;ejecutada;11086191-7;Ana Silva;SI;Cancha Tenis Aire Libre;Santa Cruz;25000;25000;transferencia;12-10-25
RES-000717;04-11-25;04-11-25 21:00;04-11-25 22:00;cancelada;6738781-3;Maria Gonzalez;NO;Salon Eventos 3;Providencia;100000;0;;02-11-25
RES-000718;10-11-25;10-11-25 14:00;10-11-25 15:00;cancelada;18329134-3;Pedro Rojas;NO;Piscina 1;Santa Cruz;20000;0;;07-11-25
RES-000719;03-05-25;03-05-25 14:00;03-05-25 15:00;reservada;17647891-8;Maria Gonzalez;SI;Piscina 2;Santa Cruz;20000;0;;28-04-25
RES-000720;25-07-26;27-07-26 19:30;27-07-26 20:30;reservada;13532015-3;Luis Contreras;NO;Salon Eventos 1;Santa Cruz;100000;0;tarjeta;30-12-24
RES-000721;06-03-25;06-03-25;14-03-25;ejecutada;16984924-2;Pedro Rojas;SI;Cabaa 7;Santiago Centro;960000;960000;efectivo;02-03-25
RES-000722;16-01-25;16-01-25 13:00;16-01-25 14:00;reservada;15115625-8;Juan Perez;NO;Piscina 2;Santiago Centro;20000;0;;12-01-25
RES-000723;01-04-25;01-04-25;10/10/;reservada;21773123-5;Luis Contreras;NO;Cabaa 15;Providencia;720000;0;;30-03-25
RES-000724;03-09-25;03-09-25 22:00;03-09-25 23:00;ejecutada;6884770-2;Luis Contreras;SI;Salon Eventos 1;La Florida;100000;100000;efectivo;31-08-25
RES-000725;07-03-25;07-03-25 15:00;07-03-25 16:00;reservada;21287925-8;Ana Silva;SI;Salon Eventos 2;Santa Cruz;100000;0;;05-03-25
RES-000726;05-09-25;05-09-25 15:00;05-09-25 16:00;reservada;19599688-1;Juan Perez;NO;Cancha Padel Techada;La Florida;35000;0;;02-09-25
RES-000727;17-04-25;17-04-25 11:00;17-04-25 12:00;cancelada;11521745-3;Ana Silva;SI;Piscina 2;Santa Cruz;20000;0;;15-04-25
RES-000728;15-02-25;15-02-25;16-02-25;reservada;14565689-3;Pedro Rojas;SI;Cabaa 18;Santa Cruz;120000;0;;14-02-25
RES-000729;15-03-25;15-03-25;19-03-25;reservada;24693299-9;Pedro Rojas;SI;Cabaa 1;Providencia;480000;0;;13-03-25
RES-000730;16-09-25;16-09-25;19-09-25;reservada;9813420-4;Maria Gonzalez;SI;Cabaa 4;La Florida;360000;0;;12-09-25
RES-000731;10-11-25;10-11-25;16-11-25;cancelada;16848416-5;Ana Silva;NO;Cabaa 5;Providencia;720000;0;;09-11-25
RES-000732;07-10-25;07-10-25;17-10-25;cancelada;9680719-8;Ana Silva;SI;Cabaa 17;Providencia;1200000;0;;07-10-25
RES-000733;16-01-25;16-01-25 20:00;16-01-25 21:00;cancelada;9213225-0;Maria Gonzalez;SI;Cancha Padel Techada;Providencia;35000;0;;13-01-25
RES-000734;18-10-25;18-10-25;18-10-25 21:00;reservada;5135966-6;Pedro Rojas;NO;Cancha Tenis Techada X;La Florida;35000;0;;15-10-25
RES-000735;20-12-25;20-12-25;23-12-25;ejecutada;22812135-5;Ana Silva;NO;Cabaa 11;Providencia;360000;360000;efectivo;15-12-25
RES-000736;06-01-25;06-01-25 14:00;06-01-25 15:00;reservada;17674128-7;Pedro Rojas;SI;Restaurant 1;Santiago Centro;30000;0;;05-01-25
RES-000737;10/10/;06-03-25;10-03-25;reservada;9487250-2;Ana Silva;SI;Cabaa 20 X;Santiago Centro;480000;0;;05-03-25
RES-000738;05-08-25;05-08-25;09-08-25;reservada;24402541-2;Luis Contreras;SI;Cabaa 15;Santiago Centro;480000;0;;03-08-25
RES-000739;14-07-25;14-07-25;20-07-25;reservada;20713143-1;Luis Contreras;NO;Cabaa 15;La Florida;720000;0;;11-07-25
RES-000740;01-11-25;01-11-25;01-11-25 20:00;cancelada;16408231-8;Juan Perez;SI;Restaurant 1 X;Providencia;30000;0;;27-10-25
RES-000741;02-08-25;02-08-25;12-08-25;cancelada;19048151-4;Ana Silva;SI;Cabaa 13;Santiago Centro;1200000;0;;02-08-25
RES-000742;17-12-25;17-12-25 16:00;17-12-25 17:00;reservada;9194484-7;Ana Silva;NO;Cancha Futbolito Techada;La Florida;35000;0;;14-12-25
RES-000743;15-08-25;15-08-25;20-08-25;cancelada;10778324-5;Luis Contreras;NO;Cabaa 5;La Florida;600000;0;;14-08-25
RES-000744;13-07-25;13-07-25;19-07-25;ejecutada;13397853-4;Juan Perez;NO;Cabaa 13;Santa Cruz;720000;720000;transferencia;08-07-25
RES-000745;02-09-25;02-09-25 11:00;02-09-25 12:00;cancelada;22378728-2;Maria Gonzalez;SI;Cancha Tenis Aire Libre;Santiago Centro;25000;0;;28-08-25
RES-000746;04-01-25;04-01-25;05-01-25;ejecutada;22885927-3;Luis Contreras;SI;Cabaa 12;Santa Cruz;120000;120000;tarjeta;04-01-25
RES-000747;08-11-25;08-11-25 16:00;08-11-25 17:00;cancelada;18881160-4;Pedro Rojas;SI;Restaurant 2;Santiago Centro;30000;0;;04-11-25
RES-000748;13-02-25;13-02-25 08:00;13-02-25 09:00;ejecutada;11450455-6;Luis Contreras;NO;Cancha Basquetbol Techada;Santiago Centro;35000;35000;efectivo;13-02-25
RES-000749;13-10-25;13-10-25;17-10-25;cancelada;13650113-5;Pedro Rojas;NO;Cabaa 14 X;La Florida;480000;0;;08-10-25
RES-000750;03-02-25;15-06-25;04-02-25;reservada;23503123-K;Ana Silva;SI;Cabaa 11 X;La Florida;120000;0;;30-01-25
RES-000751;07-05-25;07-05-25 11:00;07-05-25 12:00;ejecutada;6261507-9;Luis Contreras;SI;Piscina 2;Santa Cruz;20000;20000;transferencia;07-05-25
RES-000752;15-08-25;15-08-25;24-08-25;reservada;15148285-6;Luis Contreras;SI;Cabaa 2;La Florida;1080000;0;;15-08-25
RES-000753;05-05-25;05-05-25 08:00;05-05-25 09:00;cancelada;18065705-3;Maria Gonzalez;NO;Cancha Padel Aire Libre;Santiago Centro;25000;0;;05-05-25
RES-000754;13-09-25;13-09-25;18-09-25;ejecutada;19895777-1;Juan Perez;NO;Cabaa 19;Santiago Centro;600000;600000;transferencia;12-09-25
RES-000755;01-05-25;01-05-25 13:00;01-05-25 14:00;ejecutada;15338995-0;Ana Silva;NO;Salon Eventos 2;Santiago Centro;100000;100000;transferencia;27-04-25
RES-000756;01-06-25;01-06-25;02-06-25;ejecutada;5983819-9;Ana Silva;SI;Cabaa 16;Santa Cruz;120000;120000;tarjeta;30-05-25
RES-000757;05-03-25;05-03-25 10:00;05-03-25 11:00;ejecutada;21099442-4;Luis Contreras;NO;Cancha Basquetbol Techada;Providencia;35000;35000;transferencia;02-03-25
RES-000758;11-06-25;11-06-25 16:00;11-06-25 17:00;cancelada;9564786-3;Ana Silva;SI;Restaurant 1;Providencia;30000;0;;07-06-25
RES-000759;03-06-25;03-06-25;05-06-25;cancelada;23503123-K;Ana Silva;SI;Cabaa 16;Providencia;240000;0;;29-05-25
RES-000760;15-03-25;15-03-25 16:00;15-03-25 17:00;cancelada;6858349-7;Luis Contreras;SI;Salon Eventos 1;Providencia;100000;0;;14-03-25
RES-000761;01-07-25;01-07-25 13:00;01-07-25 14:00;reservada;15148285-6;Luis Contreras;NO;Cancha Tenis Aire Libre;Santiago Centro;25000;0;;27-06-25
RES-000762;18-12-25;18-12-25;24-12-25;cancelada;17786278-9;Juan Perez;NO;Cabaa 4;Santa Cruz;720000;0;;16-12-25
RES-000763;01-10-25;01-10-25;02-10-25;cancelada;17674128-7;Pedro Rojas;NO;Cabaa 5;Santa Cruz;120000;0;;30-09-25
RES-000764;08-12-25;08-12-25;09-12-25;ejecutada;9571085-9;Juan Perez;NO;Cabaa 15;La Florida;120000;120000;transferencia;07-12-25
RES-000765;20-04-25;20-04-25 18:00;20-04-25 19:00;cancelada;16012079-7;Ana Silva;NO;Restaurant 1;Providencia;30000;0;;16-04-25
RES-000766;13-06-25;13-06-25 13:00;13-06-25 14:00;cancelada;10698937-0;Pedro Rojas;SI;Salon Eventos 1;Santiago Centro;100000;0;;11-06-25
RES-000767;17-11-25;17-11-25;25-11-25;reservada;23433621-5;Maria Gonzalez;SI;Cabaa 2 X;Providencia;960000;0;;17-11-25
RES-000768;05-11-25;05-11-25;11-11-25;ejecutada;7544276-9;Maria Gonzalez;SI;Cabaa 3;Santiago Centro;720000;720000;efectivo;01-11-25
RES-000769;06-09-25;06-09-25;07-09-25;ejecutada;12809545-4;Juan Perez;SI;Cabaa 1;Santiago Centro;120000;120000;tarjeta;01-09-25
RES-000770;03-03-25;03-03-25 18:00;03-03-25 19:00;cancelada;14292034-4;Luis Contreras;SI;Restaurant 1;La Florida;30000;0;;27-02-25
RES-000771;15//25;13-04-25;16-04-25;reservada;24132013-8;Pedro Rojas;SI;Cabaa 5;La Florida;360000;0;;13-04-25
RES-000772;20-05-25;20-05-25 15:00;20-05-25 16:00;reservada;17096666-K;Juan Perez;SI;Salon Eventos 2;Santiago Centro;100000;0;;19-05-25
RES-000773;20-09-25;20-09-25;23-09-25;cancelada;21351051-7;Ana Silva;SI;Cabaa 5;Providencia;360000;0;;16-09-25
RES-000774;07-10-25;07-10-25 10:00;07-10-25 11:00;ejecutada;23434952-K;Pedro Rojas;NO;Piscina 1;Santa Cruz;20000;20000;transferencia;04-10-25
RES-000775;09-07-25;09-07-25;19-07-25;ejecutada;20727566-2;Juan Perez;NO;Cabaa 6;La Florida;1200000;1200000;transferencia;06-07-25
RES-000776;12-11-25;12-11-25;18-11-25;reservada;12913560-3;Ana Silva;SI;Cabaa 13;La Florida;720000;0;;07-11-25
RES-000777;02-03-25;02-03-25 08:00;02-03-25 09:00;cancelada;13147810-0;Pedro Rojas;SI;Cancha Basquetbol Techada;Providencia;35000;0;;25-02-25
RES-000778;01-12-25;01-12-25;06-12-25;cancelada;10615277-2;Juan;SI;Cabaa 8;La Florida;600000;0;;27-11-25
RES-000779;10-05-25;10-05-25;10-05-25 17:00;cancelada;15345989-4;Pedro Rojas;SI;Cancha Futbolito Techada;Santiago Centro;35000;0;;05-05-25
RES-000780;05-03-25;10/10/;14-03-25;cancelada;16887747-1;Luis Contreras;SI;Cabaa 16 X;Providencia;1080000;0;;03-03-25
RES-000781;02-12-25;15-06-25;10-12-25;reservada;7415624-0;Juan Perez;NO;Cabaa 7;La Florida;960000;0;;28-11-25
RES-000782;17-03-25;17-03-25;25-03-25;ejecutada;15826885-K;Juan Perez;SI;Cabaa 2;Providencia;960000;960000;tarjeta;16-03-25
RES-000783;18-10-25;18-10-25;27-10-25;cancelada;19937737-K;Luis Contreras;SI;Cabaa 1;Santa Cruz;1080000;0;;15-10-25
RES-000784;06-11-25;06-11-25;14-11-25;reservada;15293763-6;Luis Contreras;NO;Cabaa 16;Providencia;960000;0;;04-11-25
RES-000785;03-10-25;03-10-25;11-10-25;cancelada;18646254-8;Pedro Rojas;SI;Cabaa 5;Providencia;960000;0;;29-09-25
RES-000786;14-10-25;14-10-25 21:00;14-10-25 22:00;ejecutada;7544276-9;Maria Gonzalez;SI;Piscina 1;Santa Cruz;20000;20000;tarjeta;14-10-25
RES-000787;09-10-25;09-10-25;15-10-25;ejecutada;13604604-7;Juan Perez;NO;Cabaa 12;Santa Cruz;720000;720000;tarjeta;05-10-25
RES-000788;08-02-25;08-02-25;15-02-25;ejecutada;19195488-2;Pedro Rojas;NO;Cabaa 13;Santa Cruz;840000;840000;transferencia;04-02-25
RES-000789;10-11-25;10-11-25 16:00;10-11-25 17:00;ejecutada;21947907-7;Maria Gonzalez;NO;Salon Eventos 3;Providencia;100000;100000;efectivo;09-11-25
RES-000790;06-03-25;06-03-25 19:00;06-03-25 20:00;cancelada;13505604-9;Ana Silva;SI;Piscina 2 X;La Florida;20000;0;;01-03-25
RES-000791;03-01-25;03-01-25 13:00;03-01-25 14:00;reservada;8223654-6;Ana Silva;SI;Cancha Tenis Aire Libre;Providencia;25000;0;;31-12-24
RES-000792;14-07-26;16-07-26 09:00;16-07-26 10:00;reservada;19544570-2;Maria Gonzalez;NO;Piscina 1;La Florida;20000;0;;10-06-25
RES-000793;01-11-25;01-11-25 14:00;01-11-25 15:00;ejecutada;13532015-3;Luis Contreras;NO;Cancha Tenis Aire Libre;Santiago Centro;25000;25000;transferencia;31-10-25
RES-000794;16-11-25;16-11-25;17-11-25;ejecutada;21296743-2;Pedro Rojas;SI;Cabaa 19;Providencia;120000;120000;transferencia;13-11-25
RES-000795;11-02-25;11-02-25;19-02-25;cancelada;16107528-0;Juan Perez;NO;Cabaa 13 X;La Florida;960000;0;;06-02-25
RES-000796;14-03-25;14-03-25;18-03-25;reservada;9712455-8;Pedro Rojas;SI;Cabaa 11;Providencia;480000;0;;09-03-25
RES-000797;11-10-25;11-10-25;19-10-25;reservada;11414686-2;Maria Gonzalez;NO;Cabaa 6;Santiago Centro;960000;0;;10-10-25
RES-000798;07-02-25;07-02-25;16-02-25;cancelada;13734270-7;Luis Contreras;NO;Cabaa 5;Santa Cruz;1080000;0;;07-02-25
RES-000799;06-04-25;06-04-25 22:00;06-04-25 23:00;ejecutada;21287925-8;Ana Silva;SI;Cancha Basquetbol Techada;Providencia;35000;35000;transferencia;06-04-25
RES-000800;18-04-25;18-04-25 22:00;18-04-25 23:00;cancelada;21454415-6;Maria Gonzalez;SI;Restaurant 1;Santiago Centro;30000;0;;18-04-25
RES-000801;15-12-25;15-12-25 18:00;15-12-25 19:00;reservada;22287381-9;Ana Silva;NO;Cancha Basquetbol Techada;La Florida;35000;0;;10-12-25
RES-000802;10-05-25;10-05-25 16:00;10-05-25 17:00;ejecutada;23433621-5;Maria Gonzalez;NO;Cancha Basquetbol Techada;Santa Cruz;35000;35000;tarjeta;06-05-25
RES-000803;13-07-25;13-07-25;17-07-25;reservada;13897062-0;Maria Gonzalez;NO;Cabaa 18;Santiago Centro;480000;0;;09-07-25
RES-000804;20-10-25;20-10-25;26-10-25;reservada;9486514-K;Luis Contreras;NO;Cabaa 6;Santiago Centro;720000;0;;18-10-25
RES-000805;19-03-25;19-03-25;28-03-25;ejecutada;21162735-2;Juan Perez;SI;Cabaa 15;Providencia;1080000;1080000;tarjeta;18-03-25
RES-000806;10-06-25;10-06-25 14:00;10-06-25 15:00;reservada;11727551-5;Maria Gonzalez;SI;Piscina 1;Providencia;20000;0;;05-06-25
RES-000807;11-02-25;11-02-25 21:00;11-02-25 22:00;reservada;15088563-9;Pedro;NO;Piscina 1;Providencia;20000;0;;11-02-25
RES-000808;16-06-25;16-06-25;19-06-25;ejecutada;11711378-7;Maria Gonzalez;SI;Cabaa 4;Providencia;360000;360000;tarjeta;14-06-25
RES-000809;17-12-25;17-12-25;19-12-25;ejecutada;21351051-7;Ana Silva;NO;Cabaa 19;Santa Cruz;240000;240000;tarjeta;17-12-25
RES-000810;07-05-25;07-05-25;12-05-25;ejecutada;14294949-0;Ana Silva;NO;Cabaa 1;Providencia;600000;600000;tarjeta;02-05-25
RES-000811;10-01-25;10-01-25;18-01-25;ejecutada;15838325-K;Maria Gonzalez;SI;Cabaa 20;Providencia;960000;960000;efectivo;05-01-25
RES-000812;04-07-25;04-07-25;abc/12/25;reservada;16214968-7;Luis Contreras;NO;Cabaa 5;Santa Cruz;720000;0;;04-07-25
RES-000813;19-06-25;19-06-25;27-06-25;reservada;8722237-3;Juan Perez;NO;Cabaa 3;Santiago Centro;960000;0;;19-06-25
RES-000814;14-07-25;14-07-25;23-07-25;reservada;19104958-6;Pedro Rojas;SI;Cabaa 16;Santa Cruz;1080000;0;;10-07-25
RES-000815;07-05-26;09-05-26 12:30;09-05-26 13:30;reservada;11228399-4;Pedro Rojas;NO;Restaurant 2;Santiago Centro;30000;0;;14-07-25
RES-000816;16-10-25;16-10-25;17-10-25;ejecutada;12075076-3;Juan Perez;SI;Cabaa 1;Santa Cruz;120000;120000;tarjeta;14-10-25
RES-000817;19-07-25;19-07-25;20-07-25;reservada;6807678-1;Pedro Rojas;SI;Cabaa 11;Santa Cruz;120000;0;;16-07-25
RES-000818;08-01-25;08-01-25;16-01-25;cancelada;9016221-7;Pedro Rojas;NO;Cabaa 9;Providencia;960000;0;;05-01-25
RES-000819;19-03-25;19-03-25 13:00;19-03-25 14:00;ejecutada;24831420-6;Luis Contreras;SI;Restaurant 2;La Florida;30000;30000;transferencia;17-03-25
RES-000820;12-08-25;12-08-25 17:00;12-08-25 18:00;reservada;17213598-6;Pedro;SI;Cancha Padel Techada;Santiago Centro;35000;0;;10-08-25
RES-000821;01-03-25;01-03-25;07-03-25;ejecutada;21554696-9;Maria Gonzalez;NO;Cabaa 19;Santiago Centro;720000;720000;tarjeta;25-02-25
RES-000822;11-02-25;11-02-25;13-02-25;cancelada;24447412-8;Juan Perez;NO;Cabaa 2;La Florida;240000;0;;07-02-25
RES-000823;16-09-25;16-09-25 19:00;16-09-25 20:00;reservada;20470612-3;Ana Silva;SI;Salon Eventos 3;Santa Cruz;100000;0;;15-09-25
RES-000824;08-07-25;08-07-25 22:00;08-07-25 23:00;cancelada;19195488-2;Pedro Rojas;SI;Salon Eventos 1;Santiago Centro;100000;0;;04-07-25
RES-000825;14-10-25;14-10-25;16-10-25;reservada;9978267-6;Pedro Rojas;NO;Cabaa 15;Santiago Centro;240000;0;;09-10-25
RES-000826;17-06-25;17-06-25;26-06-25;ejecutada;5938386-8;Ana Silva;SI;Cabaa 20;Providencia;1080000;1080000;tarjeta;12-06-25
RES-000827;14-06-25;14-06-25;20-06-25;reservada;7261443-7;Ana Silva;NO;Cabaa 5;Santa Cruz;720000;0;;10-06-25
RES-000828;03-05-25;03-05-25;08-05-25;cancelada;15293763-6;Luis Contreras;NO;Cabaa 3;Santiago Centro;600000;0;;03-05-25
RES-000829;20-01-25;20-01-25;26-01-25;cancelada;5757659-6;Pedro Rojas;SI;Cabaa 14;Santa Cruz;720000;0;;19-01-25
RES-000830;02-11-25;02-11-25;06-11-25;ejecutada;14292034-4;Luis Contreras;SI;Cabaa 13;La Florida;480000;480000;transferencia;31-10-25
RES-000831;02-07-25;02-07-25;08-07-25;ejecutada;10427547-2;Ana Silva;NO;Cabaa 1;Providencia;720000;720000;transferencia;01-07-25
RES-000832;09-08-25;09-08-25;15-08-25;ejecutada;19362869-9;Luis Contreras;NO;Cabaa 7 X;Providencia;720000;720000;efectivo;04-08-25
RES-000833;08-01-25;08-01-25 20:00;08-01-25 21:00;cancelada;17503226-6;Juan Perez;NO;Salon Eventos 2;La Florida;100000;0;;05-01-25
RES-000834;13-03-25;13-03-25 22:00;13-03-25 23:00;ejecutada;11277963-9;Juan Perez;NO;Cancha Basquetbol Techada X;Providencia;35000;35000;transferencia;12-03-25
RES-000835;03-06-25;10/10/;08-06-25;reservada;16741872-4;Maria Gonzalez;SI;Cabaa 4;Santa Cruz;600000;0;;30-05-25
RES-000836;04-11-25;04-11-25;11-11-25;reservada;17911506-9;Pedro Rojas;SI;Cabaa 2;Santa Cruz;840000;0;;30-10-25
RES-000837;06-08-25;06-08-25;15-08-25;cancelada;7997541-9;Ana Silva;NO;Cabaa 5;Santa Cruz;1080000;0;;01-08-25
RES-000838;09-02-25;09-02-25 10:00;09-02-25 11:00;reservada;16012079-7;Ana Silva;SI;Cancha Basquetbol Techada;La Florida;35000;0;;07-02-25
RES-000839;14-03-25;14-03-25;19-03-25;cancelada;17963425-2;Luis Contreras;SI;Cabaa 11;La Florida;600000;0;;10-03-25
RES-000840;13-01-25;13-01-25 20:00;13-01-25 21:00;cancelada;19407837-4;Ana Silva;SI;Cancha Tenis Aire Libre;Santiago Centro;25000;0;;10-01-25
RES-000841;03-04-25;03-04-25;04-04-25;cancelada;24505775-K;Maria Gonzalez;SI;Cabaa 4;Santiago Centro;120000;0;;03-04-25
RES-000842;03-02-25;03-02-25;12-02-25;reservada;19727843-9;Luis Contreras;SI;Cabaa 17;Providencia;1080000;0;;03-02-25
RES-000843;02-08-25;02-08-25;02-08-25 09:00;ejecutada;13914038-8;Luis Contreras;SI;Cancha Basquetbol Aire Libre;Santiago Centro;25000;25000;transferencia;29-07-25
RES-000844;19-05-25;19-05-25 09:00;19-05-25 10:00;cancelada;5116250-1;Pedro Rojas;NO;Salon Eventos 4;Santiago Centro;100000;0;;14-05-25
RES-000845;03-06-25;03-06-25;08-06-25;ejecutada;19208091-6;Maria Gonzalez;NO;Cabaa 7;Providencia;600000;600000;efectivo;03-06-25
RES-000846;01-10-25;01-10-25 16:00;01-10-25 17:00;ejecutada;15941454-K;Pedro Rojas;NO;Cancha Basquetbol Aire Libre;Santiago Centro;25000;25000;efectivo;30-09-25
RES-000847;20-08-25;20-08-25;27-08-25;reservada;8442882-5;Ana Silva;NO;Cabaa 8;La Florida;840000;0;;19-08-25
RES-000848;09-10-25;09-10-25;12-10-25;cancelada;6389986-0;Luis Contreras;SI;Cabaa 19;Providencia;360000;0;;05-10-25
RES-000849;07-02-25;07-02-25;17-02-25;cancelada;14150365-0;Juan Perez;SI;Cabaa 16;Santiago Centro;1200000;0;;07-02-25
RES-000850;19-09-25;19-09-25;22-09-25;reservada;12353825-0;Ana Silva;NO;Cabaa 7;Santiago Centro;360000;0;;17-09-25
RES-000851;03-04-25;03-04-25 20:00;03-04-25 21:00;cancelada;11263892-K;Luis Contreras;NO;Salon Eventos 4;Santa Cruz;100000;0;;03-04-25
RES-000852;06-10-25;06-10-25;08-10-25;cancelada;8482497-6;Ana Silva;SI;Cabaa 9;Providencia;240000;0;;05-10-25
RES-000853;08-12-25;08-12-25;18-12-25;cancelada;21821683-8;Maria Gonzalez;NO;Cabaa 10;La Florida;1200000;0;;07-12-25
RES-000854;12-06-25;12-06-25 10:00;12-06-25 11:00;ejecutada;24693299-9;Pedro Rojas;NO;Cancha Tenis Aire Libre;Santiago Centro;25000;25000;efectivo;07-06-25
RES-000855;11-06-25;11-06-25;14-06-25;cancelada;18885368-4;Maria Gonzalez;SI;Cabaa 5;Providencia;360000;0;;10-06-25
RES-000856;20-06-25;20-06-25;20-06-25 15:00;cancelada;12075076-3;Juan Perez;NO;Cancha Padel Techada X;Santiago Centro;35000;0;;17-06-25
RES-000857;15-03-25;15-03-25;23-03-25;reservada;20666104-6;Juan Perez;NO;Cabaa 6;Santa Cruz;960000;0;;14-03-25
RES-000858;20-02-25;20-02-25;01-03-25;reservada;12651989-3;Luis Contreras;SI;Cabaa 2;Santa Cruz;1080000;0;;18-02-25
RES-000859;12-06-25;12-06-25;13-06-25;ejecutada;13083215-6;Pedro Rojas;SI;Cabaa 2;Santiago Centro;120000;120000;tarjeta;11-06-25
RES-000860;09-12-25;09-12-25 09:00;09-12-25 10:00;reservada;19195488-2;Pedro Rojas;NO;Cancha Padel Techada;Providencia;35000;0;;05-12-25
RES-000861;03-07-25;03-07-25;12-07-25;reservada;13479779-7;Pedro Rojas;NO;Cabaa 7;Santiago Centro;1080000;0;;28-06-25
RES-000862;02-01-25;31/02/25;03-01-25;cancelada;9179703-8;Maria Gonzalez;NO;Cabaa 7 X;La Florida;120000;0;;28-12-24
RES-000863;09-10-25;09-10-25;11-10-25;reservada;12592948-6;Ana;NO;Cabaa 19;Santiago Centro;240000;0;;08-10-25
RES-000864;11-11-25;11-11-25 08:00;11-11-25 09:00;ejecutada;24139677-0;Ana Silva;NO;Cancha Basquetbol Aire Libre;Providencia;25000;25000;transferencia;11-11-25
RES-000865;04-12-25;04-12-25 21:00;04-12-25 22:00;cancelada;7826282-6;Maria Gonzalez;NO;Restaurant 2;Santa Cruz;30000;0;;04-12-25
RES-000866;06-05-25;06-05-25;16-05-25;reservada;7962885-9;Juan Perez;SI;Cabaa 7;La Florida;1200000;0;;06-05-25
RES-000867;06-03-25;06-03-25;06-03-25 16:00;ejecutada;24967582-2;Maria Gonzalez;NO;Salon Eventos 3;Providencia;100000;100000;transferencia;05-03-25
RES-000868;18-08-25;18-08-25 13:00;18-08-25 14:00;reservada;12651989-3;Luis Contreras;SI;Piscina 2;La Florida;20000;0;;14-08-25
RES-000869;18-04-25;18-04-25 12:00;18-04-25 13:00;ejecutada;20713143-1;Luis Contreras;SI;Cancha Tenis Techada;Santa Cruz;35000;35000;transferencia;15-04-25
RES-000870;12-11-25;12-11-25;20-11-25;cancelada;8805000-2;Maria Gonzalez;SI;Cabaa 6;La Florida;960000;0;;11-11-25
RES-000871;09-09-25;09-09-25 15:00;09-09-25 16:00;reservada;24402541-2;Luis Contreras;SI;Cancha Tenis Aire Libre;Santiago Centro;25000;0;;09-09-25
RES-000872;17-11-25;17-11-25 09:00;17-11-25 10:00;ejecutada;23435811-1;Pedro Rojas;NO;Salon Eventos 1;Santa Cruz;100000;100000;efectivo;12-11-25
RES-000873;02-06-26;04-06-26 22:00;11-06-26 22:00;reservada;9122138-7;Juan Perez;SI;Cabaa 20;La Florida;840000;0;;14-08-25
RES-000874;10/10/;10-05-25;15-05-25;ejecutada;11263892-9;Luis Contreras;NO;Cabaa 19;Providencia;600000;600000;efectivo;06-05-25
RES-000875;01-10-25;01-10-25;06-10-25;ejecutada;7415624-K;Juan Perez;SI;Cabaa 9;Santa Cruz;600000;600000;efectivo;28-09-25
RES-000876;04-05-25;04-05-25;07-05-25;cancelada;18843742-7;Pedro Rojas;SI;Cabaa 20;Providencia;360000;0;;30-04-25
RES-000877;05-03-25;05-03-25;15-03-25;cancelada;9381544-0;Pedro Rojas;NO;Cabaa 3;Santiago Centro;1200000;0;;05-03-25
RES-000878;02-09-25;02-09-25;09-09-25;ejecutada;12770855-K;Luis Contreras;NO;Cabaa 1;Santiago Centro;840000;840000;transferencia;02-09-25
RES-000879;06-01-25;06-01-25 20:00;06-01-25 21:00;ejecutada;14379495-4;Luis Contreras;NO;Cancha Tenis Aire Libre;La Florida;25000;25000;transferencia;02-01-25
RES-000880;02-02-25;/05/25;07-02-25;ejecutada;6442121-2;Pedro Rojas;NO;Cabaa 20 X;La Florida;600000;600000;efectivo;02-02-25
RES-000881;03-12-25;03-12-25;07-12-25;ejecutada;23498184-6;Juan Perez;NO;Cabaa 15;Santa Cruz;480000;480000;efectivo;03-12-25
RES-000882;08-06-25;08-06-25;09-06-25;ejecutada;23303043-0;Juan Perez;SI;Cabaa 12;Santa Cruz;120000;120000;transferencia;06-06-25
RES-000883;02-07-25;02-07-25 16:00;02-07-25 17:00;ejecutada;10701066-1;Maria Gonzalez;NO;Salon Eventos 2;La Florida;100000;100000;tarjeta;28-06-25
RES-000884;10-01-25;10-01-25 08:00;10-01-25 09:00;cancelada;18728677-8;Juan Perez;NO;Cancha Padel Techada;Santa Cruz;35000;0;;05-01-25
RES-000885;10-12-25;10-12-25 22:00;10-12-25 23:00;reservada;23835968-6;Juan Perez;NO;Cancha Basquetbol Aire Libre;Santiago Centro;25000;0;;07-12-25
RES-000886;13-02-25;13-02-25 16:00;13-02-25 17:00;cancelada;20470612-3;Ana Silva;SI;Cancha Padel Techada;Santa Cruz;35000;0;;09-02-25
RES-000887;17-04-25;17-04-25 19:00;17-04-25 20:00;ejecutada;8223654-6;Ana Silva;NO;Salon Eventos 3;Providencia;100000;100000;tarjeta;16-04-25
RES-000888;18-06-25;18-06-25 09:00;18-06-25 10:00;cancelada;17049622-1;Pedro Rojas;NO;Cancha Futbolito Aire Libre;La Florida;25000;0;;13-06-25
RES-000889;18-02-25;18-02-25 14:00;18-02-25 15:00;cancelada;23046980-6;Luis Contreras;NO;Salon Eventos 1;Providencia;100000;0;;17-02-25
RES-000890;19-12-25;19-12-25;20-12-25;ejecutada;20078438-3;Ana Silva;NO;Cabaa 14;Providencia;120000;120000;transferencia;18-12-25
RES-000891;09-03-25;09-03-25 09:00;09-03-25 10:00;cancelada;13554594-2;Pedro Rojas;NO;Cancha Basquetbol Aire Libre;Providencia;25000;0;;08-03-25
RES-000892;08-06-25;08-06-25;18-06-25;ejecutada;5033421-K;Maria Gonzalez;SI;Cabaa 17;Santiago Centro;1200000;1200000;efectivo;08-06-25
RES-000893;11-07-26;13-07-26 14:00;13-07-26 15:00;reservada;18754494-7;Maria Gonzalez;NO;Restaurant 1;La Florida;30000;0;;13-04-25
RES-000894;20-02-25;20-02-25 15:00;20-02-25 16:00;ejecutada;20470612-3;Ana Silva;NO;Cancha Basquetbol Aire Libre;Providencia;25000;25000;efectivo;16-02-25
RES-000895;01-07-25;01-07-25;05-07-25;reservada;20284960-1;Juan Perez;SI;Cabaa 2;Santiago Centro;480000;0;;26-06-25
RES-000896;18-05-25;18-05-25 13:00;18-05-25 14:00;reservada;17654518-6;Luis Contreras;NO;Cancha Futbolito Techada;Providencia;35000;0;;14-05-25
RES-000897;14-10-25;14-10-25 14:00;14-10-25 15:00;ejecutada;9381544-0;Pedro Rojas;SI;Cancha Tenis Techada;La Florida;35000;35000;efectivo;11-10-25
RES-000898;19-12-25;19-12-25;24-12-25;reservada;10701066-1;Maria Gonzalez;NO;Cabaa 10;Providencia;600000;0;;15-12-25
RES-000899;04-01-25;04-01-25 09:00;04-01-25 10:00;ejecutada;14843634-7;Juan Perez;SI;Salon Eventos 4;Santa Cruz;100000;100000;efectivo;30-12-24
RES-000900;17-07-25;17-07-25;24-07-25;reservada;11711378-7;Maria Gonzalez;SI;Cabaa 20;Santiago Centro;840000;0;;12-07-25
RES-000901;07-05-25;07-05-25 13:00;07-05-25 14:00;cancelada;19652678-1;Juan Perez;SI;Cancha Futbolito Aire Libre;Providencia;25000;0;;02-05-25
RES-000902;16-12-25;16-12-25;21-12-25;ejecutada;12730200-6;Maria Gonzalez;NO;Cabaa 2;Santiago Centro;600000;600000;transferencia;12-12-25
RES-000903;02-09-25;02-09-25;11-09-25;reservada;12469531-7;Pedro Rojas;NO;Cabaa 11;La Florida;1080000;0;;02-09-25
RES-000904;07-01-25;07-01-25;10-01-25;ejecutada;20812193-6;Pedro Rojas;SI;Cabaa 10;La Florida;360000;360000;transferencia;05-01-25
RES-000905;01-10-25;01-10-25 19:00;01-10-25 20:00;cancelada;18885368-4;Maria Gonzalez;NO;Cancha Tenis Techada;La Florida;35000;0;;27-09-25
RES-000906;06-06-25;10/10/;12-06-25;reservada;24795565-5;Luis Contreras;SI;Cabaa 10;La Florida;720000;0;;02-06-25
RES-000907;12-11-25;12-11-25;19-11-25;cancelada;11374837-0;Maria Gonzalez;NO;Cabaa 11;Santa Cruz;840000;0;;08-11-25
RES-000908;08-04-25;08-04-25;11-04-25;ejecutada;15954986-0;Maria Gonzalez;SI;Cabaa 9;Santiago Centro;360000;360000;transferencia;04-04-25
RES-000909;03-06-25;/05/25;13-06-25;cancelada;15348004-4;Ana Silva;NO;Cabaa 16 X;Providencia;1200000;0;;30-05-25
RES-000910;09-09-25;09-09-25;12-09-25;reservada;9039992-6;Ana Silva;SI;Cabaa 6;Santa Cruz;360000;0;;09-09-25
RES-000911;16-06-25;16-06-25;26-06-25;ejecutada;8086449-3;Ana Silva;SI;Cabaa 4;Santiago Centro;1200000;1200000;tarjeta;14-06-25
RES-000912;19-03-25;19-03-25 21:00;19-03-25 22:00;ejecutada;10464361-2;Luis Contreras;SI;Cancha Futbolito Techada;Providencia;35000;35000;tarjeta;17-03-25
RES-000913;06-03-25;06-03-25 17:00;06-03-25 18:00;reservada;17678051-7;Juan Perez;SI;Cancha Basquetbol Techada;La Florida;35000;0;;06-03-25
RES-000914;07-08-25;07-08-25 11:00;07-08-25 12:00;ejecutada;6261507-9;Luis Contreras;NO;Salon Eventos 2;Santiago Centro;100000;100000;transferencia;06-08-25
RES-000915;20-10-25;20-10-25;23-10-25;ejecutada;11121655-K;Juan Perez;NO;Cabaa 10;Santa Cruz;360000;360000;transferencia;15-10-25
RES-000916;10-01-25;10-01-25 20:00;10-01-25 21:00;reservada;20997181-K;Juan Perez;NO;Cancha Tenis Aire Libre;La Florida;25000;0;;05-01-25
RES-000917;18-03-25;18-03-25;27-03-25;reservada;18568061-9;Ana Silva;NO;Cabaa 2;Santa Cruz;1080000;0;;13-03-25
RES-000918;12-05-26;14-05-26 14:00;24-05-26 14:00;reservada;12465454-8;Pedro Rojas;NO;Cabaa 19;Providencia;1200000;0;;02-11-25
RES-000919;19-09-25;19-09-25;25-09-25;ejecutada;8309406-0;Luis Contreras;SI;Cabaa 5;Providencia;720000;720000;transferencia;19-09-25
RES-000920;20-07-25;20-07-25;27-07-25;ejecutada;20727566-2;Juan Perez;SI;Cabaa 11;Santiago Centro;840000;840000;tarjeta;20-07-25
RES-000921;09-12-25;09-12-25 13:00;09-12-25 14:00;ejecutada;5938386-8;Ana Silva;SI;Restaurant 2;Providencia;30000;30000;tarjeta;04-12-25
RES-000922;14-02-25;14-02-25 15:00;14-02-25 16:00;cancelada;19104958-6;Pedro Rojas;NO;Salon Eventos 1;Santiago Centro;100000;0;;13-02-25
RES-000923;07-04-25;07-04-25;14-04-25;reservada;22855579-7;Luis Contreras;SI;Cabaa 6;Santiago Centro;840000;0;;05-04-25
RES-000924;02-04-25;02-04-25;10-04-25;reservada;13065663-3;Luis Contreras;NO;Cabaa 4;Santiago Centro;960000;0;;29-03-25
RES-000925;19-10-25;19-10-25;22-10-25;reservada;14861266-8;Ana Silva;NO;Cabaa 6;Santa Cruz;360000;0;;16-10-25
RES-000926;14-11-25;14-11-25 17:00;14-11-25 18:00;ejecutada;14941850-4;Luis Contreras;SI;Cancha Futbolito Aire Libre;Providencia;25000;25000;transferencia;12-11-25
RES-000927;07-05-25;07-05-25;14-05-25;ejecutada;17647891-8;Maria Gonzalez;NO;Cabaa 18;Santa Cruz;840000;840000;tarjeta;05-05-25
RES-000928;03-06-25;03-06-25 16:00;03-06-25 17:00;ejecutada;21351051-7;Ana Silva;SI;Piscina 1;Santiago Centro;20000;20000;tarjeta;02-06-25
RES-000929;02-01-25;02-01-25 14:00;02-01-25 15:00;reservada;5645014-9;Pedro Rojas;SI;Cancha Tenis Techada;La Florida;35000;0;;30-12-24
RES-000930;10-10-25;10-10-25 17:00;10-10-25 18:00;ejecutada;22287381-9;Ana Silva;NO;Cancha Futbolito Techada;Santiago Centro;35000;35000;transferencia;10-10-25
RES-000931;18-05-25;18-05-25 21:00;18-05-25 22:00;cancelada;10238227-7;Ana Silva;SI;Piscina 1;Santa Cruz;20000;0;;13-05-25
RES-000932;13-11-25;13-11-25 11:00;13-11-25 12:00;cancelada;13775714-1;Luis Contreras;SI;Cancha Futbolito Aire Libre;Santa Cruz;25000;0;;12-11-25
RES-000933;18-08-25;18-08-25;27-08-25;reservada;11247006-9;Luis Contreras;NO;Cabaa 15;Santa Cruz;1080000;0;;16-08-25
RES-000934;04-12-25;04-12-25;11-12-25;cancelada;21773123-2;Luis Contreras;SI;Cabaa 11;Santiago Centro;840000;0;;02-12-25
RES-000935;18-12-25;18-12-25;18-12-25 12:00;cancelada;12927748-3;Juan Perez;SI;Cancha Futbolito Aire Libre;Santiago Centro;25000;0;;14-12-25
RES-000936;10/10/;05-10-25;13-10-25;ejecutada;18154120-2;Maria Gonzalez;NO;Cabaa 3 X;La Florida;960000;960000;efectivo;02-10-25
RES-000937;09-12-25;09-12-25 20:00;09-12-25 21:00;ejecutada;19211618-K;Luis Contreras;NO;Salon Eventos 4;Santiago Centro;100000;100000;efectivo;06-12-25
RES-000938;20-11-25;20-11-25;30-11-25;ejecutada;9108775-8;Ana Silva;NO;Cabaa 9;Santiago Centro;1200000;1200000;efectivo;17-11-25
RES-000939;16-10-25;16-10-25;18-10-25;cancelada;16564154-K;Juan Perez;SI;Cabaa 4;Providencia;240000;0;;16-10-25
RES-000940;02-09-25;02-09-25 13:00;02-09-25 14:00;ejecutada;6436217-8;Pedro Rojas;NO;Cancha Padel Aire Libre;Santiago Centro;25000;25000;efectivo;29-08-25
RES-000941;19-04-25;19-04-25 21:00;19-04-25 22:00;cancelada;16170965-4;Luis;SI;Piscina 2;Providencia;20000;0;;15-04-25
RES-000942;17-11-25;17-11-25;18-11-25;ejecutada;15040048-1;Juan Perez;NO;Cabaa 18 X;Providencia;120000;120000;tarjeta;13-11-25
RES-000943;16-11-25;16-11-25 14:00;16-11-25 15:00;cancelada;5137322-7;Juan Perez;NO;Salon Eventos 2;La Florida;100000;0;;16-11-25
RES-000944;18-10-25;18-10-25 16:00;18-10-25 17:00;cancelada;17470694-8;Pedro Rojas;SI;Cancha Tenis Aire Libre;Santiago Centro;25000;0;;15-10-25
RES-000945;05-02-25;05-02-25 09:00;05-02-25 10:00;reservada;11086191-5;Ana Silva;NO;Cancha Basquetbol Aire Libre;La Florida;25000;0;;05-02-25
RES-000946;14-02-25;14-02-25;23-02-25;reservada;22078734-6;Pedro Rojas;NO;Cabaa 8;Santa Cruz;1080000;0;;11-02-25
RES-000947;18-03-25;18-03-25;22-03-25;reservada;18647741-3;Ana Silva;NO;Cabaa 18;Santiago Centro;480000;0;;16-03-25
RES-000948;19-12-25;19-12-25;23-12-25;ejecutada;20928234-8;Pedro;SI;Cabaa 2;La Florida;480000;480000;efectivo;18-12-25
RES-000949;16-05-25;16-05-25;18-05-25;cancelada;9842967-0;Luis Contreras;NO;Cabaa 12;Santa Cruz;240000;0;;11-05-25
RES-000950;03-05-25;03-05-25;abc/12/25;cancelada;20672079-4;Juan Perez;NO;Cabaa 20;Providencia;600000;0;;03-05-25
RES-000951;05-05-25;05-05-25;10-05-25;ejecutada;13015768-8;Pedro Rojas;NO;Cabaa 16;Santa Cruz;600000;600000;efectivo;05-05-25
RES-000952;07-04-25;07-04-25;31/02/25;cancelada;17133976-6;Juan Perez;SI;Cabaa 6;Santa Cruz;840000;0;;05-04-25
RES-000953;01-07-25;01-07-25 20:00;01-07-25 21:00;ejecutada;14379507-1;Juan Perez;SI;Cancha Padel Aire Libre;Santa Cruz;25000;25000;transferencia;30-06-25
RES-000954;18-04-25;18-04-25;20-04-25;cancelada;5938386-8;Ana Silva;NO;Cabaa 7;La Florida;240000;0;;15-04-25
RES-000955;07-01-25;07-01-25 12:00;07-01-25 13:00;ejecutada;23731597-9;Juan Perez;SI;Restaurant 2;La Florida;30000;30000;tarjeta;03-01-25
RES-000956;12-01-25;12-01-25;22-01-25;cancelada;20826590-3;Pedro Rojas;NO;Cabaa 4;Providencia;1200000;0;;09-01-25
RES-000957;08-10-25;08-10-25;15-10-25;ejecutada;9795239-6;Maria Gonzalez;NO;Cabaa 16;Santiago Centro;840000;840000;tarjeta;05-10-25
RES-000958;03-08-25;03-08-25;08-08-25;ejecutada;23876696-6;Luis Contreras;SI;Cabaa 19;Santa Cruz;600000;600000;tarjeta;29-07-25
RES-000959;15-08-25;15-08-25 10:00;15-08-25 11:00;cancelada;6626889-6;Pedro Rojas;NO;Restaurant 2;Santiago Centro;30000;0;;13-08-25
RES-000960;12-08-25;12-08-25;15-08-25;ejecutada;6835621-0;Luis Contreras;SI;Cabaa 19;Providencia;360000;360000;transferencia;10-08-25
RES-000961;05-12-25;05-12-25 10:00;05-12-25 11:00;cancelada;23491307-7;Maria Gonzalez;NO;Cancha Futbolito Techada;Santiago Centro;35000;0;;01-12-25
RES-000962;03-09-25;03-09-25 14:00;03-09-25 15:00;cancelada;14155657-6;Pedro Rojas;SI;Piscina 2;Santiago Centro;20000;0;;30-08-25
RES-000963;09-07-25;09-07-25 16:00;09-07-25 17:00;reservada;22287381-9;Ana Silva;NO;Cancha Futbolito Techada;Providencia;35000;0;;07-07-25
RES-000964;20-03-25;20-03-25;24-03-25;cancelada;19727843-9;Luis Contreras;SI;Cabaa 20;Santa Cruz;480000;0;;18-03-25
RES-000965;14-01-25;14-01-25 15:00;14-01-25 16:00;cancelada;15338995-0;Ana Silva;SI;Restaurant 2;Santiago Centro;30000;0;;14-01-25
RES-000966;19-04-25;19-04-25;22-04-25;cancelada;18329134-3;Pedro Rojas;SI;Cabaa 3;Santa Cruz;360000;0;;17-04-25
RES-000967;07-12-25;07-12-25 18:00;07-12-25 19:00;ejecutada;23250659-8;Maria Gonzalez;NO;Cancha Futbolito Techada;La Florida;35000;35000;tarjeta;04-12-25
RES-000968;15-03-25;15-03-25 17:00;15-03-25 18:00;cancelada;6642396-4;Maria Gonzalez;SI;Cancha Tenis Aire Libre;Santa Cruz;25000;0;;10-03-25
RES-000969;12-11-25;12-11-25 19:00;12-11-25 20:00;ejecutada;24027614-3;Luis Contreras;SI;Piscina 2;La Florida;20000;20000;tarjeta;12-11-25
RES-000970;17-07-25;17-07-25;26-07-25;cancelada;6126625-9;Maria Gonzalez;SI;Cabaa 10;Santa Cruz;1080000;0;;13-07-25
RES-000971;16-12-25;16-12-25;17-12-25;cancelada;18242406-4;Ana Silva;SI;Cabaa 1;Providencia;120000;0;;13-12-25
RES-000972;04-07-25;04-07-25;13-07-25;cancelada;24945636-5;Ana Silva;NO;Cabaa 2;La Florida;1080000;0;;03-07-25
RES-000973;02-09-25;02-09-25;10-09-25;cancelada;6988936-0;Maria Gonzalez;SI;Cabaa 7;Santa Cruz;960000;0;;31-08-25
RES-000974;05-02-25;05-02-25;09-02-25;cancelada;20112516-2;Luis Contreras;SI;Cabaa 12;Providencia;480000;0;;01-02-25
RES-000975;17-07-25;17-07-25 17:00;17-07-25 18:00;reservada;24002475-6;Luis Contreras;SI;Restaurant 2;Santa Cruz;30000;0;;16-07-25
RES-000976;16-04-25;16-04-25;26-04-25;cancelada;7989270-K;Maria Gonzalez;SI;Cabaa 15;Providencia;1200000;0;;13-04-25
RES-000977;01-07-25;01-07-25;02-07-25;ejecutada;9087517-5;Pedro Rojas;NO;Cabaa 15;Providencia;120000;120000;transferencia;29-06-25
RES-000978;01-05-25;01-05-25;04-05-25;ejecutada;15807009-K;Luis Contreras;NO;Cabaa 20;La Florida;360000;360000;transferencia;26-04-25
RES-000979;05-03-25;05-03-25;09-03-25;reservada;20408365-7;Maria Gonzalez;SI;Cabaa 6;Santa Cruz;480000;0;;03-03-25
RES-000980;07-03-25;07-03-25;11-03-25;ejecutada;11316654-1;Luis Contreras;NO;Cabaa 19;Santiago Centro;480000;480000;tarjeta;02-03-25
RES-000981;12-07-25;12-07-25 12:00;12-07-25 13:00;cancelada;17505864-8;Maria Gonzalez;NO;Cancha Basquetbol Techada;La Florida;35000;0;;12-07-25
RES-000982;13-04-25;13-04-25 13:00;13-04-25 14:00;ejecutada;9203394-5;Luis Contreras;SI;Cancha Basquetbol Aire Libre;Santiago Centro;25000;25000;transferencia;09-04-25
RES-000983;09-02-25;09-02-25 08:00;09-02-25 09:00;ejecutada;22075434-0;Ana Silva;NO;Cancha Padel Aire Libre;La Florida;25000;25000;efectivo;09-02-25
RES-000984;10-02-25;10-02-25;10/10/;cancelada;19048151-4;Ana Silva;NO;Cabaa 11 X;Providencia;840000;0;;10-02-25
RES-000985;06-04-25;06-04-25;12-04-25;cancelada;19052661-5;Maria Gonzalez;SI;Cabaa 4;La Florida;720000;0;;06-04-25
RES-000986;03-12-25;03-12-25;13-12-25;cancelada;17213598-6;Pedro Rojas;SI;Cabaa 17;Providencia;1200000;0;;03-12-25
RES-000987;06-01-25;06-01-25;15-01-25;cancelada;22746919-6;Maria Gonzalez;NO;Cabaa 18;Santiago Centro;1080000;0;;03-01-25
RES-000988;04-06-25;04-06-25 10:00;04-06-25 11:00;cancelada;19727843-9;Luis Contreras;NO;Cancha Tenis Techada;La Florida;35000;0;;04-06-25
RES-000989;17-04-25;17-04-25;17-04-25 13:00;reservada;7130867-7;Luis Contreras;SI;Cancha Padel Aire Libre;Santiago Centro;25000;0;;15-04-25
RES-000990;13-12-25;13-12-25 17:00;13-12-25 18:00;reservada;11228399-4;Pedro Rojas;SI;Salon Eventos 2;Santiago Centro;100000;0;;08-12-25
RES-000991;05-05-25;05-05-25;09-05-25;cancelada;15120266-7;Juan Perez;SI;Cabaa 9;Santa Cruz;480000;0;;03-05-25
RES-000992;02-08-25;02-08-25;02-08-25 20:00;ejecutada;20394775-0;Pedro Rojas;SI;Salon Eventos 3;Santiago Centro;100000;100000;tarjeta;01-08-25
RES-000993;19-10-25;19-10-25;26-10-25;ejecutada;16304937-6;Juan Perez;SI;Cabaa 5;Santiago Centro;840000;840000;transferencia;17-10-25
RES-000994;09-12-25;09-12-25;16-12-25;cancelada;6491083-3;Pedro Rojas;SI;Cabaa 10;Providencia;840000;0;;06-12-25
RES-000995;01-08-25;01-08-25;03-08-25;ejecutada;5137322-7;Juan Perez;NO;Cabaa 15;Santa Cruz;240000;240000;transferencia;27-07-25
RES-000996;13-02-25;13-02-25;15-02-25;ejecutada;9194484-7;Ana Silva;SI;Cabaa 4;La Florida;240000;240000;tarjeta;10-02-25
RES-000997;17-12-25;17-12-25;26-12-25;ejecutada;6491083-3;Pedro Rojas;NO;Cabaa 4;La Florida;1080000;1080000;efectivo;17-12-25
RES-000998;15//25;14-11-25;20-11-25;reservada;21162735-9;Juan Perez;SI;Cabaa 15;La Florida;720000;0;;13-11-25
RES-000999;12-03-25;12-03-25;15-03-25;cancelada;17049622-1;Pedro Rojas;SI;Cabaa 19;Santa Cruz;360000;0;;07-03-25
RES-001000;03-02-25;03-02-25 15:00;03-02-25 16:00;reservada;23388767-6;Juan Perez;NO;Cancha Basquetbol Techada;Santa Cruz;35000;0;;02-02-25
RES-001001;08-07-25;08-07-25;10-07-25;cancelada;19208091-6;Maria Gonzalez;SI;Cabaa 13;Santa Cruz;240000;0;;03-07-25
RES-001002;16-12-25;16-12-25;18-12-25;reservada;23369020-1;Ana Silva;SI;Cabaa 17;Santiago Centro;240000;0;;14-12-25
RES-001003;16-11-25;16-11-25;25-11-25;cancelada;14254375-3;Pedro Rojas;NO;Cabaa 16;Santiago Centro;1080000;0;;12-11-25
RES-001004;19-08-25;19-08-25 16:00;19-08-25 17:00;ejecutada;23435811-1;Pedro Rojas;NO;Cancha Tenis Aire Libre;La Florida;25000;25000;efectivo;14-08-25
RES-001005;17-02-25;17-02-25 16:00;17-02-25 17:00;ejecutada;9381544-0;Pedro Rojas;NO;Cancha Padel Techada;Providencia;35000;35000;efectivo;13-02-25
RES-001006;08-04-25;08-04-25 22:00;08-04-25 23:00;reservada;15530992-K;Luis Contreras;SI;Salon Eventos 1;Santa Cruz;100000;0;;08-04-25
RES-001007;08-03-25;08-03-25 17:00;08-03-25 18:00;cancelada;24876542-9;Maria Gonzalez;NO;Salon Eventos 3;Santa Cruz;100000;0;;06-03-25
RES-001008;02-07-25;02-07-25;09-07-25;cancelada;7451183-K;Juan Perez;NO;Cabaa 16;Santa Cruz;840000;0;;02-07-25
RES-001009;10-09-25;10-09-25;14-09-25;reservada;19344466-0;Juan Perez;NO;Cabaa 2;Santa Cruz;480000;0;;07-09-25
RES-001010;19-08-25;19-08-25 15:00;19-08-25 16:00;reservada;20720307-6;Luis Contreras;NO;Salon Eventos 4;Santa Cruz;100000;0;;15-08-25
RES-001011;04-08-25;04-08-25;13-08-25;cancelada;16972312-5;Juan Perez;NO;Cabaa 16;Santiago Centro;1080000;0;;01-08-25
RES-001012;06-11-25;06-11-25 22:00;06-11-25 23:00;cancelada;11012047-8;Juan Perez;NO;Restaurant 2;La Florida;30000;0;;06-11-25
RES-001013;10-09-25;10-09-25;12-09-25;reservada;17503226-6;Juan Perez;SI;Cabaa 8;Santa Cruz;240000;0;;06-09-25
RES-001014;14-09-25;14-09-25 20:00;14-09-25 21:00;reservada;22287381-9;Ana Silva;NO;Salon Eventos 2;La Florida;100000;0;;12-09-25
RES-001015;11-09-25;11-09-25 20:00;11-09-25 21:00;reservada;16953331-8;Pedro Rojas;SI;Cancha Futbolito Aire Libre;La Florida;25000;0;;06-09-25
RES-001016;13-08-25;13-08-25;16-08-25;ejecutada;22256719-K;Ana Silva;NO;Cabaa 13;La Florida;360000;360000;transferencia;10-08-25
RES-001017;05-07-25;05-07-25 18:00;05-07-25 19:00;reservada;13006129-K;Pedro Rojas;SI;Salon Eventos 2;La Florida;100000;0;;30-06-25
RES-001018;06-04-25;06-04-25;31/02/25;ejecutada;9108775-8;Ana Silva;SI;Cabaa 8 X;Santiago Centro;720000;720000;transferencia;04-04-25
RES-001019;10-11-25;10-11-25;13-11-25;reservada;7715981-9;Luis Contreras;SI;Cabaa 19;La Florida;360000;0;;05-11-25
RES-001020;19-06-25;19-06-25;29-06-25;ejecutada;12891005-0;Luis Contreras;SI;Cabaa 4;Santiago Centro;1200000;1200000;transferencia;16-06-25
RES-001021;08-09-25;08-09-25;15-09-25;ejecutada;18776636-2;Pedro Rojas;SI;Cabaa 19;La Florida;840000;840000;efectivo;08-09-25
RES-001022;19-06-25;19-06-25 09:00;19-06-25 10:00;reservada;10837704-6;Pedro Rojas;NO;Cancha Futbolito Techada;Santiago Centro;35000;0;;16-06-25
RES-001023;17-05-25;17-05-25 11:00;17-05-25 12:00;ejecutada;8223654-6;Ana Silva;SI;Salon Eventos 2;Santa Cruz;100000;100000;efectivo;16-05-25
RES-001024;07-05-25;07-05-25 20:00;07-05-25 21:00;cancelada;21773123-2;Luis Contreras;NO;Cancha Basquetbol Techada;Santa Cruz;35000;0;;07-05-25
RES-001025;12-06-26;14-06-26 22:00;14-06-26 23:00;reservada;23503123-K;Ana Silva;NO;Cancha Padel Techada;Santiago Centro;35000;0;tarjeta;05-06-25
RES-001026;20-12-25;20-12-25 19:00;20-12-25 20:00;ejecutada;21349217-9;Luis Contreras;NO;Cancha Basquetbol Aire Libre;La Florida;25000;25000;efectivo;16-12-25
RES-001027;03-06-25;03-06-25 10:00;03-06-25 11:00;reservada;11984768-0;Luis Contreras;NO;Cancha Futbolito Techada;Santa Cruz;35000;0;;03-06-25
RES-001028;20-08-25;20-08-25;27-08-25;ejecutada;8409701-2;Pedro Rojas;NO;Cabaa 1;Providencia;840000;840000;tarjeta;18-08-25
RES-001029;01-09-25;01-09-25 20:00;01-09-25 21:00;ejecutada;9108775-8;Ana Silva;SI;Salon Eventos 3;Santa Cruz;100000;100000;tarjeta;30-08-25
RES-001030;09-11-25;09-11-25;14-11-25;cancelada;21452115-6;Pedro Rojas;NO;Cabaa 15;Providencia;600000;0;;07-11-25
RES-001031;15-11-25;15-11-25 09:00;15-11-25 10:00;cancelada;18646254-8;Pedro Rojas;SI;Cancha Futbolito Techada;Providencia;35000;0;;14-11-25
RES-001032;04-10-25;04-10-25;06-10-25;reservada;6085414-9;Maria Gonzalez;NO;Cabaa 11;Providencia;240000;0;;03-10-25
RES-001033;02-06-25;02-06-25 09:00;02-06-25 10:00;reservada;19544570-2;Maria Gonzalez;SI;Piscina 1;Providencia;20000;0;;29-05-25
RES-001034;12-12-25;12-12-25 18:00;12-12-25 19:00;ejecutada;18467664-8;Pedro Rojas;NO;Cancha Padel Techada;Santiago Centro;35000;35000;transferencia;07-12-25
RES-001035;07-09-25;07-09-25 21:00;07-09-25 22:00;reservada;20194778-2;Ana Silva;SI;Cancha Padel Techada;Santiago Centro;35000;0;;07-09-25
RES-001036;08-01-25;08-01-25 11:00;08-01-25 12:00;ejecutada;19211618-K;Luis Contreras;SI;Cancha Tenis Aire Libre;Santiago Centro;25000;25000;transferencia;07-01-25
RES-001037;17-03-25;17-03-25;25-03-25;reservada;17931290-9;Juan Perez;NO;Cabaa 18;La Florida;960000;0;;13-03-25
RES-001038;19-05-25;19-05-25;20-05-25;ejecutada;12578522-0;Ana Silva;SI;Cabaa 10;Santiago Centro;120000;120000;efectivo;14-05-25
RES-001039;10-07-25;10-07-25;20-07-25;cancelada;7416582-6;Pedro Rojas;NO;Cabaa 6;Santa Cruz;1200000;0;;06-07-25
RES-001040;13-01-25;13-01-25 21:00;13-01-25 22:00;reservada;5137322-7;Juan Perez;NO;Cancha Tenis Aire Libre;La Florida;25000;0;;08-01-25
RES-001041;16-04-25;16-04-25 10:00;16-04-25 11:00;reservada;16253483-1;Maria Gonzalez;NO;Salon Eventos 3;Providencia;100000;0;;16-04-25
RES-001042;08-09-25;08-09-25 18:00;08-09-25 19:00;cancelada;10949220-5;Maria Gonzalez;NO;Cancha Padel Techada;Santa Cruz;35000;0;;08-09-25
RES-001043;14-05-25;14-05-25 13:00;14-05-25 14:00;ejecutada;6642396-4;Maria Gonzalez;NO;Restaurant 1;Providencia;30000;30000;tarjeta;13-05-25
RES-001044;06-10-25;06-10-25;07-10-25;cancelada;11521745-3;Ana Silva;NO;Cabaa 6;Santiago Centro;120000;0;;05-10-25
RES-001045;16-08-25;16-08-25;19-08-25;cancelada;12887828-9;Maria Gonzalez;SI;Cabaa 18;Santiago Centro;360000;0;;15-08-25
RES-001046;05-01-25;05-01-25;12-01-25;cancelada;20078438-3;Ana Silva;SI;Cabaa 12;La Florida;840000;0;;31-12-24
RES-001047;10-04-25;10-04-25;11-04-25;ejecutada;23503123-K;Ana Silva;SI;Cabaa 8;La Florida;120000;120000;transferencia;09-04-25
RES-001048;16-09-25;16-09-25 20:00;16-09-25 21:00;ejecutada;24945636-5;Ana Silva;SI;Salon Eventos 2;La Florida;100000;100000;efectivo;14-09-25
RES-001049;07-09-25;07-09-25 20:00;07-09-25 21:00;ejecutada;22078734-6;Pedro Rojas;SI;Salon Eventos 4;Santa Cruz;100000;100000;efectivo;04-09-25
RES-001050;04-03-25;04-03-25 22:00;04-03-25 23:00;cancelada;10145466-5;Pedro Rojas;SI;Piscina 2;Providencia;20000;0;;04-03-25
RES-001051;04-03-25;04-03-25 13:00;04-03-25 14:00;cancelada;20997181-K;Juan Perez;SI;Restaurant 1;Providencia;30000;0;;27-02-25
RES-001052;11-06-25;11-06-25 10:00;11-06-25 11:00;ejecutada;13914038-9;Luis Contreras;SI;Restaurant 2;La Florida;30000;30000;efectivo;06-06-25
RES-001053;04-02-25;04-02-25 13:00;04-02-25 14:00;cancelada;6988936-0;Maria Gonzalez;SI;Cancha Padel Aire Libre;Santiago Centro;25000;0;;03-02-25
RES-001054;07-10-25;07-10-25 12:00;07-10-25 13:00;reservada;15585247-K;Pedro Rojas;SI;Salon Eventos 2;La Florida;100000;0;;05-10-25
RES-001055;17-08-25;17-08-25;23-08-25;ejecutada;19727843-9;Luis Contreras;NO;Cabaa 8;Santiago Centro;720000;720000;tarjeta;17-08-25
RES-001056;15-08-25;15-08-25 20:00;15-08-25 21:00;reservada;23433621-5;Maria Gonzalez;SI;Cancha Tenis Aire Libre;La Florida;25000;0;;14-08-25
RES-001057;17-05-25;17-05-25;26-05-25;cancelada;16968310-7;Luis Contreras;NO;Cabaa 16;Santiago Centro;1080000;0;;16-05-25
RES-001058;abc/12/25;06-02-25;15-02-25;ejecutada;24002213-3;Juan Perez;SI;Cabaa 16;Santiago Centro;1080000;1080000;efectivo;02-02-25
RES-001059;12-07-25;12-07-25;14-07-25;reservada;19052661-5;Maria Gonzalez;NO;Cabaa 11;Providencia;240000;0;;07-07-25
RES-001060;18-01-25;18-01-25;25-01-25;cancelada;15585247-K;Pedro Rojas;NO;Cabaa 14;La Florida;840000;0;;15-01-25
RES-001061;04-05-25;04-05-25;13-05-25;ejecutada;11414686-2;Maria Gonzalez;SI;Cabaa 13;La Florida;1080000;1080000;efectivo;01-05-25
RES-001062;01-11-25;01-11-25;03-11-25;ejecutada;8701823-7;Luis Contreras;NO;Cabaa 16;La Florida;240000;240000;transferencia;27-10-25
RES-001063;06-12-25;06-12-25 19:00;06-12-25 20:00;ejecutada;24635453-7;Juan Perez;NO;Salon Eventos 4;Providencia;100000;100000;transferencia;04-12-25
RES-001064;15-12-25;15-12-25 19:00;15-12-25 20:00;ejecutada;21156024-K;Maria Gonzalez;SI;Restaurant 1;Providencia;30000;30000;tarjeta;11-12-25
RES-001065;06-08-25;06-08-25;09-08-25;ejecutada;20112516-2;Luis Contreras;NO;Cabaa 15;Providencia;360000;360000;efectivo;04-08-25
RES-001066;12-05-25;12-05-25 11:00;12-05-25 12:00;cancelada;6512346-0;Maria Gonzalez;NO;Cancha Futbolito Techada;Providencia;35000;0;;12-05-25
RES-001067;10-11-25;10-11-25;17-11-25;cancelada;21351051-7;Ana Silva;SI;Cabaa 17;La Florida;840000;0;;07-11-25
RES-001068;05-07-25;05-07-25 11:00;05-07-25 12:00;reservada;6442121-2;Pedro Rojas;SI;Cancha Futbolito Aire Libre;Providencia;25000;0;;03-07-25
RES-001069;01-06-25;01-06-25 09:00;01-06-25 10:00;cancelada;19544570-2;Maria Gonzalez;NO;Salon Eventos 1;La Florida;100000;0;;28-05-25
RES-001070;13-04-25;13-04-25;22-04-25;cancelada;11247006-9;Luis Contreras;SI;Cabaa 15;La Florida;1080000;0;;11-04-25
RES-001071;05-05-25;05-05-25 16:00;05-05-25 17:00;ejecutada;22256719-K;Ana Silva;NO;Cancha Tenis Aire Libre;La Florida;25000;25000;efectivo;01-05-25
RES-001072;08-11-25;08-11-25;16-11-25;ejecutada;10701066-1;Maria Gonzalez;SI;Cabaa 16;Santa Cruz;960000;960000;transferencia;05-11-25
RES-001073;05-10-25;05-10-25;08-10-25;ejecutada;12313678-0;Juan Perez;NO;Cabaa 1;Santa Cruz;360000;360000;transferencia;05-10-25
RES-001074;06-09-25;06-09-25;14-09-25;cancelada;17911506-9;Pedro Rojas;SI;Cabaa 3;La Florida;960000;0;;01-09-25
RES-001075;16-11-25;16-11-25 17:00;16-11-25 18:00;reservada;24795565-8;Luis Contreras;NO;Cancha Tenis Aire Libre;La Florida;25000;0;;11-11-25
RES-001076;14-01-25;14-01-25 16:00;14-01-25 17:00;ejecutada;15807009-K;Luis Contreras;NO;Cancha Tenis Aire Libre;La Florida;25000;25000;tarjeta;13-01-25
RES-001077;15-06-26;17-06-26 10:00;17-06-26 11:00;reservada;11984768-0;Luis Contreras;SI;Cancha Tenis Aire Libre X;Santiago Centro;25000;0;;18-11-25
RES-001078;15-12-25;15-12-25;16-12-25;cancelada;16253483-1;Maria Gonzalez;NO;Cabaa 18;La Florida;120000;0;;13-12-25
RES-001079;09-09-25;09-09-25 10:00;09-09-25 11:00;ejecutada;22075434-0;Ana Silva;SI;Cancha Futbolito Aire Libre;Santa Cruz;25000;25000;tarjeta;06-09-25
RES-001080;19-08-25;abc/12/25;27-08-25;reservada;11483413-0;Ana Silva;NO;Cabaa 9 X;Santiago Centro;960000;0;;16-08-25
RES-001081;13-11-25;13-11-25 19:00;13-11-25 20:00;ejecutada;19484029-2;Luis Contreras;NO;Salon Eventos 2;Santa Cruz;100000;100000;transferencia;12-11-25
RES-001082;14-12-25;14-12-25;21-12-25;reservada;18876546-7;Juan Perez;SI;Cabaa 8;Santiago Centro;840000;0;;13-12-25
RES-001083;19-06-25;19-06-25;27-06-25;ejecutada;24949712-6;Luis Contreras;NO;Cabaa 18;Santiago Centro;960000;960000;tarjeta;14-06-25
RES-001084;06-11-25;06-11-25;10-11-25;cancelada;21783745-6;Maria Gonzalez;SI;Cabaa 8;La Florida;480000;0;;05-11-25
RES-001085;16-09-25;16-09-25 20:00;16-09-25 21:00;reservada;7479790-3;Luis Contreras;SI;Salon Eventos 2;Santiago Centro;100000;0;;15-09-25
RES-001086;19-07-25;19-07-25 18:00;19-07-25 19:00;reservada;20727566-2;Juan Perez;SI;Piscina 1;Providencia;20000;0;;14-07-25
RES-001087;14-05-25;14-05-25;20-05-25;cancelada;5779517-4;Luis;NO;Cabaa 4;Providencia;720000;0;;12-05-25
RES-001088;14-11-25;14-11-25;20-11-25;cancelada;16889614-K;Pedro Rojas;SI;Cabaa 8;Providencia;720000;0;;14-11-25
RES-001089;10-01-25;10-01-25 11:00;10-01-25 12:00;reservada;23457711-5;Luis Contreras;SI;Piscina 2;Santiago Centro;20000;0;;10-01-25
RES-001090;04-10-25;04-10-25 08:00;04-10-25 09:00;reservada;12922397-9;Maria Gonzalez;SI;Restaurant 2;Santiago Centro;30000;0;;29-09-25
RES-001091;12-03-25;12-03-25 21:00;12-03-25 22:00;cancelada;11521745-3;Ana Silva;SI;Salon Eventos 1;Providencia;100000;0;;11-03-25
RES-001092;04-02-25;04-02-25;12-02-25;cancelada;15941454-K;Pedro Rojas;NO;Cabaa 8;Santiago Centro;960000;0;;30-01-25
RES-001093;15//25;04-07-25;11-07-25;reservada;15838325-K;Maria Gonzalez;SI;Cabaa 2 X;La Florida;840000;0;;02-07-25
RES-001094;14-04-25;14-04-25;18-04-25;reservada;17470694-8;Pedro Rojas;SI;Cabaa 1;La Florida;480000;0;;13-04-25
RES-001095;08-08-25;08-08-25 10:00;08-08-25 11:00;reservada;17453904-9;Ana Silva;SI;Cancha Futbolito Techada;La Florida;35000;0;;07-08-25
RES-001096;04-02-25;04-02-25;04-02-25 12:00;reservada;16657576-1;Luis Contreras;NO;Cancha Basquetbol Aire Libre;Santiago Centro;25000;0;;31-01-25
RES-001097;19-05-25;19-05-25 08:00;19-05-25 09:00;ejecutada;12730200-6;Maria Gonzalez;NO;Salon Eventos 4;Santiago Centro;100000;100000;efectivo;16-05-25
RES-001098;15-06-25;15-06-25 09:00;15-06-25 10:00;ejecutada;13761426-K;Maria Gonzalez;NO;Piscina 2;La Florida;20000;20000;efectivo;11-06-25
RES-001099;18-08-25;18-08-25;23-08-25;ejecutada;5779517-4;Luis Contreras;SI;Cabaa 14;Providencia;600000;600000;tarjeta;16-08-25
RES-001100;03-09-25;03-09-25;10-09-25;ejecutada;9813420-4;Maria Gonzalez;NO;Cabaa 8;Santiago Centro;840000;840000;transferencia;01-09-25
RES-001101;09-02-25;09-02-25 13:00;09-02-25 14:00;ejecutada;11541623-5;Maria Gonzalez;NO;Cancha Basquetbol Aire Libre;Santiago Centro;25000;25000;transferencia;08-02-25
RES-001102;16-03-25;16-03-25;24-03-25;reservada;16479158-0;Pedro Rojas;NO;Cabaa 16 X;La Florida;960000;0;;15-03-25
RES-001103;19-11-25;19-11-25 13:00;19-11-25 14:00;reservada;21554696-9;Maria Gonzalez;SI;Cancha Padel Aire Libre;La Florida;25000;0;;17-11-25
RES-001104;05-07-25;05-07-25 13:00;05-07-25 14:00;ejecutada;20928234-8;Pedro Rojas;NO;Salon Eventos 3;Providencia;100000;100000;tarjeta;30-06-25
RES-001105;12-03-25;12-03-25 13:00;12-03-25 14:00;ejecutada;18154120-2;Maria Gonzalez;SI;Piscina 1;Santiago Centro;20000;20000;tarjeta;09-03-25
RES-001106;18-03-25;18-03-25 11:00;18-03-25 12:00;cancelada;16848416-1;Ana Silva;NO;Salon Eventos 1;Santa Cruz;100000;0;;13-03-25
RES-001107;09-12-25;09-12-25 20:00;09-12-25 21:00;ejecutada;21156024-K;Maria Gonzalez;SI;Cancha Padel Techada;La Florida;35000;35000;transferencia;05-12-25
RES-001108;08-07-25;08-07-25 11:00;08-07-25 12:00;reservada;16253483-1;Maria Gonzalez;NO;Cancha Tenis Techada;La Florida;35000;0;;07-07-25
RES-001109;13-05-25;13-05-25 21:00;13-05-25 22:00;cancelada;10934689-6;Pedro Rojas;SI;Restaurant 2;Providencia;30000;0;;13-05-25
RES-001110;06-06-25;06-06-25;13-06-25;reservada;15795747-3;Ana Silva;SI;Cabaa 16;Santa Cruz;840000;0;;01-06-25
RES-001111;19-11-25;19-11-25 20:00;19-11-25 21:00;reservada;5854603-8;Luis Contreras;NO;Cancha Basquetbol Aire Libre;La Florida;25000;0;;14-11-25
RES-001112;12-03-25;12-03-25;14-03-25;reservada;9571085-9;Juan Perez;NO;Cabaa 19;La Florida;240000;0;;10-03-25
RES-001113;05-07-25;05-07-25;06-07-25;ejecutada;16550967-6;Ana Silva;SI;Cabaa 5;Providencia;120000;120000;efectivo;03-07-25
RES-001114;11-08-25;11-08-25 16:00;11-08-25 17:00;ejecutada;7106046-2;Maria Gonzalez;SI;Piscina 2 X;Santa Cruz;20000;20000;transferencia;08-08-25
RES-001115;10-09-25;10-09-25;17-09-25;ejecutada;9843733-9;Maria Gonzalez;NO;Cabaa 10;Santiago Centro;840000;840000;efectivo;10-09-25
RES-001116;13-06-25;13-06-25 09:00;13-06-25 10:00;ejecutada;12453493-3;Juan Perez;NO;Restaurant 1;Providencia;30000;30000;transferencia;09-06-25
RES-001117;12-08-25;12-08-25;20-08-25;cancelada;15807009-K;Luis Contreras;SI;Cabaa 14;Santa Cruz;960000;0;;10-08-25
RES-001118;02-07-25;02-07-25;10-07-25;ejecutada;14756759-6;Juan Perez;SI;Cabaa 19;La Florida;960000;960000;transferencia;27-06-25
RES-001119;17-05-25;17-05-25;18-05-25;cancelada;13534305-6;Juan Perez;NO;Cabaa 10;Santiago Centro;120000;0;;15-05-25
RES-001120;03-06-25;03-06-25 16:00;03-06-25 17:00;cancelada;23849659-4;Maria Gonzalez;SI;Salon Eventos 1;Santiago Centro;100000;0;;01-06-25
RES-001121;06-05-25;06-05-25;08-05-25;ejecutada;22108526-4;Ana Silva;NO;Cabaa 4;Santa Cruz;240000;240000;tarjeta;04-05-25
RES-001122;14-05-25;abc/12/25;23-05-25;ejecutada;22966221-K;Maria Gonzalez;SI;Cabaa 17;Santa Cruz;1080000;1080000;efectivo;12-05-25
RES-001123;15-02-25;15-02-25 22:00;15-02-25 23:00;reservada;8722237-3;Juan Perez;NO;Salon Eventos 1;Santiago Centro;100000;0;;13-02-25
RES-001124;16-12-25;16-12-25;22-12-25;reservada;18616868-2;Luis Contreras;NO;Cabaa 4;La Florida;720000;0;;15-12-25
RES-001125;05-12-25;05-12-25;11-12-25;cancelada;5137322-7;Juan Perez;NO;Cabaa 12;Santiago Centro;720000;0;;01-12-25
RES-001126;20-09-25;20-09-25;22-09-25;ejecutada;17931290-5;Juan Perez;SI;Cabaa 1;Santa Cruz;240000;240000;transferencia;15-09-25
RES-001127;11-12-25;11-12-25 18:00;11-12-25 19:00;cancelada;5645014-9;Pedro Rojas;NO;Cancha Futbolito Aire Libre;Providencia;25000;0;;06-12-25
RES-001128;20-02-25;20-02-25;23-02-25;reservada;24740663-8;Luis;NO;Cabaa 17;Providencia;360000;0;;17-02-25
RES-001129;09-11-25;09-11-25;10-11-25;cancelada;5757659-6;Pedro Rojas;SI;Cabaa 17;Santa Cruz;120000;0;;08-11-25
RES-001130;18-12-25;18-12-25;28-12-25;ejecutada;18843742-7;Pedro Rojas;SI;Cabaa 20;Santiago Centro;1200000;1200000;tarjeta;18-12-25
RES-001131;13-01-25;13-01-25;13-01-25 09:00;ejecutada;12568147-6;Ana Silva;NO;Salon Eventos 2 X;La Florida;100000;100000;tarjeta;13-01-25
RES-001132;16-09-25;16-09-25;17-09-25;ejecutada;16276138-2;Ana Silva;SI;Cabaa 19;Santa Cruz;120000;120000;efectivo;15-09-25
RES-001133;17-02-25;17-02-25;17-02-25 16:00;reservada;10478754-1;Pedro Rojas;SI;Restaurant 1;Providencia;30000;0;;12-02-25
RES-001134;02-05-25;02-05-25;08-05-25;reservada;20859114-2;Luis Contreras;NO;Cabaa 7;La Florida;720000;0;;30-04-25
RES-001135;19-03-25;19-03-25;23-03-25;reservada;23731597-9;Juan Perez;SI;Cabaa 11;Providencia;480000;0;;17-03-25
RES-001136;11-10-25;11-10-25;19-10-25;reservada;14756759-3;Juan Perez;SI;Cabaa 13;La Florida;960000;0;;08-10-25
RES-001137;10-11-25;10-11-25;19-11-25;ejecutada;10234889-3;Pedro Rojas;SI;Cabaa 10;Santa Cruz;1080000;1080000;tarjeta;08-11-25
RES-001138;07-12-25;07-12-25;12-12-25;reservada;17623443-1;Maria Gonzalez;SI;Cabaa 13;Providencia;600000;0;;03-12-25
RES-001139;05-07-25;05-07-25;14-07-25;ejecutada;7781298-9;Pedro Rojas;NO;Cabaa 6;Santiago Centro;1080000;1080000;tarjeta;04-07-25
RES-001140;17-08-25;17-08-25 15:00;17-08-25 16:00;ejecutada;6559917-1;Maria Gonzalez;NO;Cancha Basquetbol Aire Libre;Santiago Centro;25000;25000;efectivo;16-08-25
RES-001141;20-12-25;20-12-25;22-12-25;reservada;12568147-6;Ana Silva;NO;Cabaa 20;La Florida;240000;0;;19-12-25
RES-001142;11-05-25;11-05-25;14-05-25;reservada;5779517-4;Luis Contreras;SI;Cabaa 14;Providencia;360000;0;;10-05-25
RES-001143;16-04-25;16-04-25;23-04-25;reservada;10464361-2;Luis Contreras;NO;Cabaa 5;La Florida;840000;0;;12-04-25
RES-001144;17-01-25;17-01-25;19-01-25;reservada;6504014-K;Luis Contreras;NO;Cabaa 13;La Florida;240000;0;;17-01-25
RES-001145;01-08-25;01-08-25;07-08-25;ejecutada;6126593-7;Juan Perez;NO;Cabaa 18;Providencia;720000;720000;transferencia;27-07-25
RES-001146;09-07-25;09-07-25;16-07-25;ejecutada;20394775-5;Pedro Rojas;SI;Cabaa 5;La Florida;840000;840000;transferencia;08-07-25
RES-001147;09-04-25;09-04-25;19-04-25;reservada;15293763-6;Luis Contreras;SI;Cabaa 4;Providencia;1200000;0;;06-04-25
RES-001148;05-09-25;05-09-25;13-09-25;reservada;16949045-7;Luis Contreras;SI;Cabaa 18;Providencia;960000;0;;31-08-25
RES-001149;03-06-25;03-06-25;05-06-25;ejecutada;24132013-8;Pedro Rojas;NO;Cabaa 19;Santa Cruz;240000;240000;transferencia;29-05-25
RES-001150;13-06-25;13-06-25 15:00;13-06-25 16:00;cancelada;22863706-8;Luis Contreras;SI;Salon Eventos 2;La Florida;100000;0;;11-06-25
RES-001151;13-11-25;13-11-25;21-11-25;reservada;22703981-7;Juan Perez;NO;Cabaa 17;La Florida;960000;0;;11-11-25
RES-001152;16-12-25;16-12-25 10:00;16-12-25 11:00;ejecutada;7106046-2;Maria Gonzalez;SI;Salon Eventos 1;La Florida;100000;100000;tarjeta;12-12-25
RES-001153;14-06-25;14-06-25;15-06-25;reservada;22512308-K;Pedro Rojas;SI;Cabaa 12;Santiago Centro;120000;0;;14-06-25
RES-001154;04-04-25;04-04-25 19:00;04-04-25 20:00;reservada;17674128-7;Pedro Rojas;NO;Salon Eventos 1;Providencia;100000;0;;03-04-25
RES-001155;22-06-26;24-06-26 12:00;28-06-26 12:00;reservada;11121655-K;Juan;NO;Cabaa 4;La Florida;480000;0;;07-11-25
RES-001156;08-02-25;08-02-25;10-02-25;cancelada;16114575-0;Luis Contreras;NO;Cabaa 18;Santiago Centro;240000;0;;05-02-25
RES-001157;08-03-25;08-03-25;15-03-25;cancelada;18467664-8;Pedro Rojas;SI;Cabaa 11;Providencia;840000;0;;04-03-25
RES-001158;10-04-25;10-04-25 20:00;10-04-25 21:00;reservada;19631766-K;Maria Gonzalez;NO;Cancha Padel Techada;La Florida;35000;0;;10-04-25
RES-001159;11-11-25;11-11-25 17:00;11-11-25 18:00;ejecutada;23302730-8;Maria Gonzalez;NO;Cancha Basquetbol Aire Libre;La Florida;25000;25000;efectivo;11-11-25
RES-001160;01-05-25;01-05-25 09:00;01-05-25 10:00;reservada;22966221-K;Maria Gonzalez;NO;Salon Eventos 4;Providencia;100000;0;;30-04-25
RES-001161;08-09-25;08-09-25 20:00;08-09-25 21:00;reservada;7735551-0;Ana Silva;SI;Cancha Tenis Techada;Santa Cruz;35000;0;;04-09-25
RES-001162;20-05-25;20-05-25;23-05-25;reservada;16759872-2;Ana Silva;SI;Cabaa 15;Providencia;360000;0;;18-05-25
RES-001163;09-05-25;09-05-25 11:00;09-05-25 12:00;reservada;9203394-5;Luis Contreras;SI;Cancha Basquetbol Aire Libre;Santiago Centro;25000;0;;05-05-25
RES-001164;02-08-25;02-08-25;12-08-25;reservada;17820790-3;Juan Perez;NO;Cabaa 15;Santa Cruz;1200000;0;;30-07-25
RES-001165;16-05-25;16-05-25;26-05-25;cancelada;13734270-7;Luis Contreras;SI;Cabaa 7;Santiago Centro;1200000;0;;12-05-25
RES-001166;03-06-25;03-06-25;12-06-25;reservada;10120385-9;Maria Gonzalez;NO;Cabaa 15;Santiago Centro;1080000;0;;29-05-25
RES-001167;18-11-25;18-11-25;18-11-25 16:00;cancelada;11218435-K;Luis Contreras;SI;Salon Eventos 4 X;Santa Cruz;100000;0;;13-11-25
RES-001168;08-12-25;08-12-25;10-12-25;cancelada;18647741-3;Ana Silva;SI;Cabaa 15;Santa Cruz;240000;0;;06-12-25
RES-001169;01-06-25;01-06-25 18:00;01-06-25 19:00;reservada;24795565-8;Luis Contreras;SI;Cancha Futbolito Techada;Providencia;35000;0;;01-06-25
RES-001170;03-01-25;03-01-25;08-01-25;cancelada;10992904-2;Luis Contreras;SI;Cabaa 13;Santa Cruz;600000;0;;01-01-25
RES-001171;11-09-25;11-09-25;21-09-25;cancelada;11277963-9;Juan Perez;NO;Cabaa 3;Santa Cruz;1200000;0;;10-09-25
RES-001172;07-03-25;07-03-25 12:00;07-03-25 13:00;reservada;24945636-5;Ana Silva;SI;Restaurant 1;La Florida;30000;0;;07-03-25
RES-001173;20-05-25;20-05-25;27-05-25;ejecutada;21162735-2;Juan Perez;NO;Cabaa 18;Providencia;840000;840000;tarjeta;16-05-25
RES-001174;13-08-25;13-08-25;20-08-25;ejecutada;22381571-5;Juan Perez;NO;Cabaa 16;Santa Cruz;840000;840000;efectivo;12-08-25
RES-001175;05-08-25;05-08-25 16:00;05-08-25 17:00;cancelada;13775714-1;Luis Contreras;SI;Cancha Tenis Techada;Santa Cruz;35000;0;;31-07-25
RES-001176;01-02-25;01-02-25;08-02-25;ejecutada;23939713-1;Pedro Rojas;NO;Cabaa 19;Santa Cruz;840000;840000;efectivo;30-01-25
RES-001177;01-08-25;01-08-25;07-08-25;cancelada;24765561-1;Juan Perez;NO;Cabaa 18;Santiago Centro;720000;0;;01-08-25
RES-001178;12-02-25;31/02/25;15-02-25;reservada;6946141-0;Ana Silva;SI;Cabaa 18;Santa Cruz;360000;0;;08-02-25
RES-001179;12-08-25;12-08-25;21-08-25;cancelada;21099442-4;Luis Contreras;NO;Cabaa 3;Providencia;1080000;0;;08-08-25
RES-001180;12-02-25;12-02-25;17-02-25;ejecutada;5427877-2;Juan Perez;NO;Cabaa 4;Santiago Centro;600000;600000;efectivo;11-02-25
RES-001181;07-05-25;07-05-25;13-05-25;cancelada;13224751-K;Luis Contreras;NO;Cabaa 6;Santa Cruz;720000;0;;03-05-25
RES-001182;15-06-26;17-06-26 03:30;26-06-26 03:30;reservada;6858349-7;Luis Contreras;SI;Cabaa 1;La Florida;1080000;0;;14-02-25
RES-001183;12-01-25;/05/25;18-01-25;cancelada;12192627-4;Pedro Rojas;NO;Cabaa 7;Providencia;720000;0;;10-01-25
RES-001184;16-02-25;16-02-25;24-02-25;cancelada;20928234-8;Pedro Rojas;SI;Cabaa 16;Santiago Centro;960000;0;;12-02-25
RES-001185;14-12-25;14-12-25;16-12-25;reservada;8356612-4;Pedro Rojas;SI;Cabaa 17 X;La Florida;240000;0;;09-12-25
RES-001186;07-10-25;07-10-25;16-10-25;cancelada;16170965-4;Luis Contreras;NO;Cabaa 1;Santa Cruz;1080000;0;;05-10-25
RES-001187;10-12-25;10-12-25;18-12-25;ejecutada;5427877-2;Juan Perez;NO;Cabaa 8;Providencia;960000;960000;efectivo;07-12-25
RES-001188;01-11-25;01-11-25 16:00;01-11-25 17:00;cancelada;13203913-5;Maria Gonzalez;NO;Piscina 1;Santiago Centro;20000;0;;30-10-25
RES-001189;03-07-25;03-07-25;11-07-25;cancelada;5350796-4;Luis Contreras;SI;Cabaa 8;Santa Cruz;960000;0;;03-07-25
RES-001190;13-10-25;13-10-25 20:00;13-10-25 21:00;reservada;7812836-4;Pedro Rojas;NO;Cancha Futbolito Aire Libre;Santiago Centro;25000;0;;11-10-25
RES-001191;15-07-25;15-07-25 12:00;15-07-25 13:00;reservada;10145466-5;Pedro Rojas;NO;Salon Eventos 2;La Florida;100000;0;;11-07-25
RES-001192;18-06-25;18-06-25;23-06-25;cancelada;13006129-K;Pedro Rojas;SI;Cabaa 10;Providencia;600000;0;;16-06-25
RES-001193;07-11-25;07-11-25 22:00;07-11-25 23:00;reservada;13534305-6;Juan Perez;NO;Salon Eventos 3;Providencia;100000;0;;02-11-25
RES-001194;05-04-25;05-04-25 09:00;05-04-25 10:00;reservada;7544276-9;Maria Gonzalez;SI;Cancha Futbolito Techada;Santa Cruz;35000;0;;31-03-25
RES-001195;16-05-25;16-05-25 14:00;16-05-25 15:00;ejecutada;19652678-1;Juan Perez;SI;Restaurant 1;La Florida;30000;30000;efectivo;14-05-25
RES-001196;04-05-25;04-05-25 09:00;04-05-25 10:00;cancelada;21841410-9;Juan Perez;SI;Salon Eventos 3;La Florida;100000;0;;02-05-25
RES-001197;10-12-25;10-12-25 20:00;10-12-25 21:00;ejecutada;7686256-8;Luis Contreras;NO;Cancha Tenis Techada;Santiago Centro;35000;35000;transferencia;10-12-25
RES-001198;15-11-25;15-11-25 22:00;15-11-25 23:00;reservada;16848416-K;Ana Silva;NO;Piscina 1;Santa Cruz;20000;0;;14-11-25
RES-001199;17-01-25;17-01-25 10:00;17-01-25 11:00;ejecutada;5643136-5;Juan Perez;SI;Salon Eventos 3;La Florida;100000;100000;tarjeta;17-01-25
RES-001200;10-11-25;10-11-25 13:00;10-11-25 14:00;ejecutada;13288053-0;Luis Contreras;SI;Cancha Futbolito Aire Libre;La Florida;25000;25000;transferencia;05-11-25
RES-001201;06-05-25;06-05-25 13:00;06-05-25 14:00;cancelada;15345989-4;Pedro Rojas;NO;Cancha Padel Aire Libre;Providencia;25000;0;;06-05-25
RES-001202;19-03-25;19-03-25 15:00;19-03-25 16:00;ejecutada;19484029-2;Luis Contreras;SI;Cancha Basquetbol Aire Libre;Santa Cruz;25000;25000;transferencia;14-03-25
RES-001203;14-06-25;14-06-25 11:00;14-06-25 12:00;cancelada;12353825-0;Ana Silva;SI;Restaurant 2;La Florida;30000;0;;12-06-25
RES-001204;17-11-25;17-11-25;22-11-25;cancelada;20997181-K;Juan Perez;NO;Cabaa 18;Santiago Centro;600000;0;;14-11-25
RES-001205;09-02-25;09-02-25 08:00;09-02-25 09:00;reservada;15505875-7;Pedro Rojas;SI;Cancha Basquetbol Aire Libre;La Florida;25000;0;;06-02-25
RES-001206;11-10-25;11-10-25;14-10-25;reservada;23804418-9;Ana Silva;NO;Cabaa 7;La Florida;360000;0;;08-10-25
RES-001207;14-08-25;14-08-25;23-08-25;ejecutada;15600733-1;Luis Contreras;SI;Cabaa 20;Santa Cruz;1080000;1080000;tarjeta;12-08-25
RES-001208;11-07-25;11-07-25 08:00;11-07-25 09:00;reservada;5135966-6;Pedro Rojas;NO;Restaurant 1;La Florida;30000;0;;08-07-25
RES-001209;20-06-25;20-06-25;30-06-25;ejecutada;24639890-9;Luis Contreras;SI;Cabaa 6 X;Providencia;1200000;1200000;transferencia;20-06-25
RES-001210;16-09-25;16-09-25 09:00;16-09-25 10:00;ejecutada;21821683-8;Maria Gonzalez;SI;Restaurant 2;Providencia;30000;30000;efectivo;13-09-25
RES-001211;16-04-25;16-04-25;25-04-25;ejecutada;13532015-3;Luis Contreras;NO;Cabaa 18;Providencia;1080000;1080000;transferencia;13-04-25
RES-001212;15-11-25;15-11-25;19-11-25;cancelada;22078734-6;Pedro Rojas;NO;Cabaa 6;La Florida;480000;0;;10-11-25
RES-001213;16-12-25;16-12-25;26-12-25;ejecutada;24179315-K;Luis Contreras;NO;Cabaa 16;Providencia;1200000;1200000;tarjeta;16-12-25
RES-001214;09-01-25;09-01-25;17-01-25;cancelada;20642956-9;Ana Silva;SI;Cabaa 11;La Florida;960000;0;;04-01-25
RES-001215;18-03-25;18-03-25 14:00;18-03-25 15:00;ejecutada;16741872-4;Maria Gonzalez;SI;Salon Eventos 3;Santa Cruz;100000;100000;tarjeta;15-03-25
RES-001216;06-12-25;06-12-25;12-12-25;reservada;9259413-0;Luis Contreras;SI;Cabaa 16;Santa Cruz;720000;0;;04-12-25
RES-001217;16-10-25;16-10-25 15:00;16-10-25 16:00;cancelada;15047491-4;Ana Silva;SI;Cancha Futbolito Techada;Santiago Centro;35000;0;;13-10-25
RES-001218;12-09-25;12-09-25;13-09-25;ejecutada;20548964-9;Maria Gonzalez;NO;Cabaa 8;Santiago Centro;120000;120000;transferencia;08-09-25
RES-001219;01-12-25;01-12-25;09-12-25;ejecutada;16949045-7;Luis Contreras;SI;Cabaa 15;La Florida;960000;960000;efectivo;26-11-25
RES-001220;12-09-25;12-09-25;18-09-25;cancelada;18750495-3;Juan Perez;NO;Cabaa 8;Providencia;720000;0;;09-09-25
RES-001221;17-04-25;17-04-25;26-04-25;ejecutada;17877832-3;Pedro Rojas;NO;Cabaa 17;Santa Cruz;1080000;1080000;tarjeta;17-04-25
RES-001222;06-06-25;06-06-25;07-06-25;reservada;17263289-0;Juan Perez;NO;Cabaa 11;Providencia;120000;0;;04-06-25
RES-001223;15-01-25;15-01-25;31/02/25;reservada;20727566-2;Juan Perez;SI;Cabaa 15 X;Santiago Centro;1200000;0;;13-01-25
RES-001224;01-12-25;01-12-25;07-12-25;ejecutada;24859483-7;Luis Contreras;NO;Cabaa 17;Santiago Centro;720000;720000;tarjeta;29-11-25
RES-001225;19-09-25;19-09-25;20-09-25;cancelada;6626889-6;Pedro Rojas;SI;Cabaa 12;Providencia;120000;0;;15-09-25
RES-001226;09-01-25;09-01-25 17:00;09-01-25 18:00;cancelada;23849659-4;Maria Gonzalez;SI;Cancha Tenis Aire Libre;Santiago Centro;25000;0;;04-01-25
RES-001227;02-12-25;02-12-25;04-12-25;cancelada;18881160-4;Pedro Rojas;NO;Cabaa 10;Providencia;240000;0;;27-11-25
RES-001228;15-03-25;15-03-25 15:00;15-03-25 16:00;ejecutada;17275270-5;Pedro Rojas;NO;Cancha Padel Techada;La Florida;35000;35000;transferencia;14-03-25
RES-001229;09-01-25;09-01-25;13-01-25;ejecutada;17931290-5;Juan Perez;SI;Cabaa 6;Providencia;480000;480000;transferencia;09-01-25
RES-001230;16-11-25;16-11-25;17-11-25;reservada;8282741-2;Juan Perez;NO;Cabaa 10;Santiago Centro;120000;0;;13-11-25
RES-001231;15-10-25;15-10-25;17-10-25;reservada;6389986-0;Luis Contreras;NO;Cabaa 12;La Florida;240000;0;;14-10-25
RES-001232;20-01-25;20-01-25;22-01-25;ejecutada;18065705-3;Maria Gonzalez;NO;Cabaa 5;Santa Cruz;240000;240000;efectivo;15-01-25
RES-001233;14-05-25;14-05-25;20-05-25;ejecutada;6512346-0;Maria Gonzalez;SI;Cabaa 12;La Florida;720000;720000;transferencia;09-05-25
RES-001234;18-11-25;18-11-25 17:00;18-11-25 18:00;reservada;15121060-0;Ana Silva;SI;Restaurant 1;Santiago Centro;30000;0;;15-11-25
RES-001235;13-01-25;13-01-25 16:00;13-01-25 17:00;reservada;23046980-6;Luis Contreras;SI;Salon Eventos 4;Santa Cruz;100000;0;;11-01-25
RES-001236;17-02-25;17-02-25;19-02-25;cancelada;6204457-8;Luis Contreras;NO;Cabaa 2;Providencia;240000;0;;12-02-25
RES-001237;08-10-25;08-10-25;11-10-25;reservada;10837704-0;Pedro Rojas;SI;Cabaa 16;Providencia;360000;0;;07-10-25
RES-001238;13-05-25;13-05-25;23-05-25;reservada;21934163-6;Maria Gonzalez;SI;Cabaa 18;La Florida;1200000;0;;10-05-25
RES-001239;31/02/25;05-11-25;14-11-25;cancelada;17820790-3;Juan Perez;SI;Cabaa 15;Santiago Centro;1080000;0;;04-11-25
RES-001240;14-04-25;14-04-25;22-04-25;cancelada;12578522-0;Ana Silva;SI;Cabaa 2;La Florida;960000;0;;09-04-25
RES-001241;08-01-25;08-01-25 12:00;08-01-25 13:00;cancelada;14150365-0;Juan Perez;NO;Cancha Futbolito Aire Libre;Providencia;25000;0;;03-01-25
RES-001242;31/02/25;08-07-25;09-07-25;reservada;20727566-2;Juan Perez;NO;Cabaa 1;La Florida;120000;0;;08-07-25
RES-001243;19-06-25;19-06-25;29-06-25;reservada;17213598-6;Pedro Rojas;NO;Cabaa 8;Santa Cruz;1200000;0;;18-06-25
RES-001244;08-01-25;08-01-25;14-01-25;cancelada;13083215-6;Pedro Rojas;SI;Cabaa 9;Santa Cruz;720000;0;;06-01-25
RES-001245;12-04-25;12-04-25;22-04-25;ejecutada;22078734-6;Pedro Rojas;SI;Cabaa 6;Providencia;1200000;1200000;transferencia;12-04-25
RES-001246;12-05-25;12-05-25 11:00;12-05-25 12:00;reservada;19332680-3;Ana Silva;SI;Restaurant 2;Santiago Centro;30000;0;;07-05-25
RES-001247;06-10-25;06-10-25 18:00;06-10-25 19:00;reservada;24427724-1;Maria Gonzalez;SI;Cancha Futbolito Aire Libre;Santiago Centro;25000;0;;01-10-25
RES-001248;04-11-25;04-11-25 12:00;04-11-25 13:00;cancelada;7415624-K;Juan Perez;NO;Salon Eventos 1;Santiago Centro;100000;0;;02-11-25
RES-001249;07-11-25;07-11-25;11-11-25;ejecutada;10778324-5;Luis Contreras;NO;Cabaa 4;La Florida;480000;480000;efectivo;05-11-25
RES-001250;01-04-25;01-04-25;06-04-25;ejecutada;23503123-8;Ana Silva;NO;Cabaa 5;Santiago Centro;600000;600000;transferencia;28-03-25
RES-001251;15-07-25;15-07-25;20-07-25;cancelada;24179315-K;Luis Contreras;SI;Cabaa 2;Santiago Centro;600000;0;;11-07-25
RES-001252;09-12-25;09-12-25;16-12-25;ejecutada;15562742-5;Maria Gonzalez;NO;Cabaa 13;Santa Cruz;840000;840000;efectivo;07-12-25
RES-001253;17-02-25;17-02-25;23-02-25;ejecutada;15838325-K;Maria Gonzalez;SI;Cabaa 3;La Florida;720000;720000;transferencia;14-02-25
RES-001254;02-02-25;02-02-25;06-02-25;reservada;22307110-4;Luis Contreras;SI;Cabaa 7;Providencia;480000;0;;29-01-25
RES-001255;01-02-25;01-02-25 12:00;01-02-25 13:00;cancelada;9381544-0;Pedro Rojas;NO;Salon Eventos 4;Providencia;100000;0;;27-01-25
RES-001256;01-06-25;01-06-25;06-06-25;ejecutada;18971062-3;Juan Perez;NO;Cabaa 5;Santa Cruz;600000;600000;tarjeta;31-05-25
RES-001257;13-06-25;13-06-25;22-06-25;ejecutada;7584304-6;Ana Silva;SI;Cabaa 15;Santiago Centro;1080000;1080000;tarjeta;12-06-25
RES-001258;16-06-25;16-06-25 19:00;16-06-25 20:00;cancelada;17263289-0;Juan Perez;SI;Salon Eventos 3;La Florida;100000;0;;16-06-25
RES-001259;17-08-25;17-08-25;19-08-25;reservada;12313678-0;Juan Perez;NO;Cabaa 18;Providencia;240000;0;;15-08-25
RES-001260;07-01-25;07-01-25 19:00;07-01-25 20:00;cancelada;10981983-2;Pedro Rojas;NO;Salon Eventos 4;Santa Cruz;100000;0;;05-01-25
RES-001261;06-11-25;06-11-25 14:00;06-11-25 15:00;reservada;19208091-6;Maria Gonzalez;NO;Cancha Basquetbol Aire Libre;La Florida;25000;0;;05-11-25
RES-001262;11-04-25;11-04-25;16-04-25;cancelada;9430073-8;Ana Silva;NO;Cabaa 1;Santa Cruz;600000;0;;11-04-25
RES-001263;20-12-25;20-12-25 19:00;20-12-25 20:00;cancelada;19020373-5;Juan Perez;NO;Restaurant 1;Santiago Centro;30000;0;;17-12-25
RES-001264;30-06-26;02-07-26 18:30;09-07-26 18:30;reservada;16170965-4;Luis Contreras;NO;Cabaa 14;La Florida;840000;840000;;10-08-25
RES-001265;16-06-25;16-06-25 09:00;16-06-25 10:00;cancelada;10527082-8;Ana Silva;NO;Salon Eventos 3;Providencia;100000;0;;11-06-25
RES-001266;04-02-25;04-02-25;07-02-25;reservada;24639890-9;Luis Contreras;SI;Cabaa 12;Santiago Centro;360000;0;;30-01-25
RES-001267;01-01-25;01-01-25;01-01-25 18:00;ejecutada;12891005-0;Luis Contreras;SI;Restaurant 1;La Florida;30000;30000;transferencia;31-12-24
RES-001268;09-04-25;09-04-25;09-04-25 09:00;cancelada;17366619-0;Pedro Rojas;SI;Salon Eventos 3;Providencia;100000;0;;04-04-25
RES-001269;13-05-25;13-05-25 11:00;13-05-25 12:00;reservada;16408231-8;Juan Perez;NO;Cancha Futbolito Techada;La Florida;35000;0;;08-05-25
RES-001270;16-03-25;16-03-25;21-03-25;reservada;21773123-2;Luis Contreras;SI;Cabaa 19;La Florida;600000;0;;13-03-25
RES-001271;04-01-25;04-01-25;08-01-25;cancelada;9183641-6;Maria Gonzalez;SI;Cabaa 9;Santa Cruz;480000;0;;02-01-25
RES-001272;02-05-25;02-05-25;07-05-25;cancelada;24505775-K;Maria Gonzalez;SI;Cabaa 12;Santiago Centro;600000;0;;02-05-25
RES-001273;01-04-25;01-04-25;05-04-25;ejecutada;20928234-8;Pedro Rojas;NO;Cabaa 9;Santiago Centro;480000;480000;efectivo;29-03-25
RES-001274;10-08-25;10-08-25;18-08-25;reservada;21550158-2;Luis Contreras;NO;Cabaa 2;Providencia;960000;0;;07-08-25
RES-001275;17-08-25;17-08-25 16:00;17-08-25 17:00;ejecutada;9571085-9;Juan Perez;SI;Restaurant 2;Santa Cruz;30000;30000;efectivo;12-08-25
RES-001276;01-06-25;01-06-25;06-06-25;ejecutada;6626889-6;Pedro Rojas;SI;Cabaa 16;Providencia;600000;600000;tarjeta;30-05-25
RES-001277;13-05-25;13-05-25;13-05-25 21:00;ejecutada;6884770-2;Luis Contreras;NO;Restaurant 1;Santa Cruz;30000;30000;transferencia;08-05-25
RES-001278;02-06-25;02-06-25 08:00;02-06-25 09:00;reservada;12275678-5;Juan Perez;NO;Cancha Padel Techada;La Florida;35000;0;;02-06-25
RES-001279;19-02-25;19-02-25;22-02-25;cancelada;7962885-9;Juan Perez;SI;Cabaa 15;Santa Cruz;360000;0;;14-02-25
RES-001280;14-04-25;14-04-25;22-04-25;reservada;22388037-1;Luis Contreras;SI;Cabaa 2;Santa Cruz;960000;0;;13-04-25
RES-001281;01-02-25;01-02-25 13:00;01-02-25 14:00;cancelada;17877832-5;Pedro Rojas;NO;Cancha Padel Techada;La Florida;35000;0;;30-01-25
RES-001282;13-12-25;13-12-25 08:00;13-12-25 09:00;reservada;18692916-0;Ana Silva;SI;Cancha Tenis Aire Libre;La Florida;25000;0;;12-12-25
RES-001283;03-01-25;03-01-25 20:00;03-01-25 21:00;reservada;8923088-8;Pedro Rojas;SI;Restaurant 2;Santa Cruz;30000;0;;31-12-24
RES-001284;11-02-25;11-02-25 12:00;11-02-25 13:00;ejecutada;8084042-K;Maria Gonzalez;NO;Piscina 1;Santa Cruz;20000;20000;transferencia;10-02-25
RES-001285;14-07-25;14-07-25;16-07-25;cancelada;14292034-4;Luis Contreras;NO;Cabaa 13;Santa Cruz;240000;0;;11-07-25
RES-001286;04-04-25;04-04-25 17:00;04-04-25 18:00;cancelada;5058687-1;Ana Silva;SI;Salon Eventos 1;La Florida;100000;0;;02-04-25
RES-001287;05-12-25;05-12-25;12-12-25;cancelada;5590602-5;Juan Perez;NO;Cabaa 16;La Florida;840000;0;;03-12-25
RES-001288;20-10-25;20-10-25;20-10-25 17:00;reservada;11711378-2;Maria Gonzalez;SI;Cancha Padel Techada;Santiago Centro;35000;0;;18-10-25
RES-001289;07-11-25;07-11-25;12-11-25;reservada;18754494-7;Maria Gonzalez;NO;Cabaa 8;Santa Cruz;600000;0;;07-11-25
RES-001290;18-06-25;18-06-25;27-06-25;ejecutada;8991172-9;Juan Perez;SI;Cabaa 5;La Florida;1080000;1080000;efectivo;15-06-25
RES-001291;13-02-25;13-02-25;16-02-25;ejecutada;10289799-4;Maria Gonzalez;SI;Cabaa 11;Santa Cruz;360000;360000;efectivo;08-02-25
RES-001292;11-06-25;11-06-25 15:00;11-06-25 16:00;reservada;6353165-0;Ana Silva;SI;Salon Eventos 3;Santa Cruz;100000;0;;11-06-25
RES-001293;09-10-25;09-10-25;10-10-25;cancelada;18754494-7;Maria Gonzalez;SI;Cabaa 8;La Florida;120000;0;;05-10-25
RES-001294;13-01-25;13-01-25 10:00;13-01-25 11:00;reservada;9486514-0;Luis Contreras;NO;Salon Eventos 3;Santiago Centro;100000;0;;11-01-25
RES-001295;10-04-25;10-04-25;18-04-25;reservada;11247006-9;Luis Contreras;SI;Cabaa 6;Santa Cruz;960000;0;;05-04-25
RES-001296;16-05-25;16-05-25;20-05-25;reservada;23435811-1;Pedro Rojas;SI;Cabaa 5;Providencia;480000;0;;14-05-25
RES-001297;05-12-25;05-12-25;05-12-25 23:00;cancelada;15878471-8;Maria Gonzalez;NO;Piscina 2;La Florida;20000;0;;04-12-25
RES-001298;06-09-25;06-09-25;14-09-25;cancelada;20112516-2;Luis Contreras;SI;Cabaa 5;Santa Cruz;960000;0;;05-09-25
RES-001299;07-10-25;07-10-25;17-10-25;ejecutada;5475559-7;Luis Contreras;NO;Cabaa 4;Providencia;1200000;1200000;tarjeta;07-10-25
RES-001300;06-10-25;06-10-25;07-10-25;ejecutada;21793681-0;Juan Perez;NO;Cabaa 15;Santa Cruz;120000;120000;tarjeta;02-10-25
RES-001301;04-02-25;04-02-25;11-02-25;cancelada;22287381-9;Ana Silva;NO;Cabaa 13;Santiago Centro;840000;0;;01-02-25
RES-001302;19-10-25;19-10-25;23-10-25;cancelada;19407837-4;Ana Silva;SI;Cabaa 5;Santiago Centro;480000;0;;17-10-25
RES-001303;17-10-25;17-10-25 14:00;17-10-25 15:00;reservada;23491307-7;Maria Gonzalez;NO;Cancha Futbolito Aire Libre;Santa Cruz;25000;0;;12-10-25
RES-001304;16-05-25;16-05-25 10:00;16-05-25 11:00;ejecutada;21351051-7;Ana Silva;NO;Piscina 2;Providencia;20000;20000;transferencia;15-05-25
RES-001305;14-04-25;14-04-25;23-04-25;reservada;22071602-3;Pedro Rojas;NO;Cabaa 2;La Florida;1080000;0;;14-04-25
RES-001306;10-12-25;10-12-25;18-12-25;cancelada;20720307-6;Luis Contreras;SI;Cabaa 7;Santa Cruz;960000;0;;06-12-25
RES-001307;06-12-25;06-12-25 14:00;06-12-25 15:00;cancelada;8482497-6;Ana Silva;NO;Cancha Basquetbol Techada;La Florida;35000;0;;01-12-25
RES-001308;01-01-25;01-01-25;08-01-25;ejecutada;12651989-3;Luis Contreras;NO;Cabaa 18 X;Santa Cruz;840000;840000;transferencia;29-12-24
RES-001309;01-07-25;01-07-25 22:00;01-07-25 23:00;cancelada;18776636-2;Pedro Rojas;SI;Piscina 2;Santiago Centro;20000;0;;30-06-25
RES-001310;14-07-25;14-07-25 10:00;14-07-25 11:00;ejecutada;16949644-7;Pedro Rojas;NO;Restaurant 2;La Florida;30000;30000;transferencia;12-07-25
RES-001311;19-11-25;19-11-25 12:00;19-11-25 13:00;reservada;23684083-7;Pedro Rojas;SI;Cancha Padel Techada;Santiago Centro;35000;0;;16-11-25
RES-001312;08-08-25;08-08-25;10-08-25;ejecutada;10120385-9;Maria;SI;Cabaa 19;Santa Cruz;240000;240000;transferencia;07-08-25
RES-001313;14-06-25;14-06-25;15-06-25;ejecutada;12469531-7;Pedro Rojas;NO;Cabaa 2;La Florida;120000;120000;transferencia;10-06-25
RES-001314;12-12-25;12-12-25;18-12-25;reservada;16530236-2;Pedro Rojas;NO;Cabaa 17;La Florida;720000;0;;11-12-25
RES-001315;20-05-25;20-05-25 13:00;20-05-25 14:00;cancelada;12651989-3;Luis Contreras;SI;Cancha Tenis Aire Libre;Santa Cruz;25000;0;;19-05-25
RES-001316;11-10-25;11-10-25 15:00;11-10-25 16:00;reservada;19197001-2;Ana Silva;SI;Cancha Futbolito Aire Libre;Providencia;25000;0;;09-10-25
RES-001317;10-08-25;10-08-25;16-08-25;ejecutada;24693299-9;Pedro Rojas;SI;Cabaa 11;Santa Cruz;720000;720000;transferencia;05-08-25
RES-001318;20-08-25;20-08-25;21-08-25;cancelada;10934689-6;Pedro Rojas;NO;Cabaa 9;La Florida;120000;0;;19-08-25
RES-001319;10-05-25;10-05-25 20:00;10-05-25 21:00;ejecutada;15944877-0;Maria Gonzalez;SI;Salon Eventos 2;Providencia;100000;100000;tarjeta;09-05-25
RES-001320;20-12-25;20-12-25;27-12-25;cancelada;23503123-K;Ana Silva;NO;Cabaa 12;La Florida;840000;0;;20-12-25
RES-001321;05-12-25;05-12-25;11-12-25;reservada;12465454-8;Pedro Rojas;SI;Cabaa 6;Santa Cruz;720000;0;;01-12-25
RES-001322;08-12-25;08-12-25 21:00;08-12-25 22:00;cancelada;13098747-8;Ana Silva;SI;Restaurant 1;Santiago Centro;30000;0;;04-12-25
RES-001323;02-12-25;02-12-25 09:00;02-12-25 10:00;reservada;7500349-8;Pedro Rojas;NO;Restaurant 1;Providencia;30000;0;;02-12-25
RES-001324;02-04-25;02-04-25 12:00;02-04-25 13:00;ejecutada;7884115-K;Luis Contreras;SI;Cancha Basquetbol Aire Libre;Providencia;25000;25000;efectivo;30-03-25
RES-001325;05-04-25;05-04-25;05-04-25 14:00;ejecutada;16257735-2;Maria Gonzalez;NO;Cancha Basquetbol Techada;La Florida;35000;35000;tarjeta;05-04-25
RES-001326;17-08-25;17-08-25 19:00;17-08-25 20:00;cancelada;19208091-6;Maria;NO;Salon Eventos 1;Santiago Centro;100000;0;;13-08-25
RES-001327;12-09-25;12-09-25;/05/25;reservada;16253483-1;Maria Gonzalez;NO;Cabaa 4;La Florida;480000;0;;12-09-25
RES-001328;05-03-25;05-03-25;13-03-25;reservada;7261443-7;Ana Silva;SI;Cabaa 6;Providencia;960000;0;;01-03-25
RES-001329;02-01-25;02-01-25 19:00;02-01-25 20:00;cancelada;18468277-K;Luis Contreras;SI;Cancha Basquetbol Aire Libre;La Florida;25000;0;;30-12-24
RES-001330;19-01-25;19-01-25 12:00;19-01-25 13:00;cancelada;15807009-K;Luis Contreras;SI;Salon Eventos 3;La Florida;100000;0;;16-01-25
RES-001331;08-10-25;08-10-25;13-10-25;reservada;24471464-1;Luis Contreras;NO;Cabaa 19;Providencia;600000;0;;03-10-25
RES-001332;09-02-25;09-02-25 21:00;09-02-25 22:00;cancelada;13233936-1;Maria Gonzalez;SI;Salon Eventos 4;Providencia;100000;0;;08-02-25
RES-001333;08-08-25;08-08-25 21:00;08-08-25 22:00;reservada;5779517-4;Luis Contreras;NO;Restaurant 2;La Florida;30000;0;;08-08-25
RES-001334;14-04-25;14-04-25;18-04-25;reservada;15505908-7;Ana Silva;NO;Cabaa 20;Santa Cruz;480000;0;;10-04-25
RES-001335;10-01-25;10-01-25;14-01-25;ejecutada;5135966-6;Pedro Rojas;SI;Cabaa 1;Santiago Centro;480000;480000;efectivo;10-01-25
RES-001336;02-10-25;02-10-25;09-10-25;ejecutada;5633053-4;Maria Gonzalez;NO;Cabaa 8;Santa Cruz;840000;840000;efectivo;02-10-25
RES-001337;10-02-25;31/02/25;15-02-25;ejecutada;12922397-9;Maria Gonzalez;SI;Cabaa 10;Santiago Centro;600000;600000;tarjeta;09-02-25
RES-001338;12-05-25;12-05-25;14-05-25;reservada;10776000-8;Luis Contreras;SI;Cabaa 6;Providencia;240000;0;;11-05-25
RES-001339;04-07-25;04-07-25 09:00;04-07-25 10:00;ejecutada;16889614-K;Pedro Rojas;NO;Piscina 1;Providencia;20000;20000;transferencia;30-06-25
RES-001340;03-06-25;03-06-25 09:00;03-06-25 10:00;cancelada;9392933-0;Pedro Rojas;SI;Restaurant 2;Santa Cruz;30000;0;;03-06-25
RES-001341;18-11-25;18-11-25;27-11-25;cancelada;16408231-8;Juan;SI;Cabaa 4;Providencia;1080000;0;;13-11-25
RES-001342;15-03-25;15-03-25 15:00;15-03-25 16:00;reservada;22381571-5;Juan Perez;SI;Salon Eventos 1;Providencia;100000;0;;10-03-25
RES-001343;15//25;07-01-25;08-01-25;ejecutada;18329134-3;Pedro Rojas;NO;Cabaa 7;Santiago Centro;120000;120000;tarjeta;03-01-25
RES-001344;14-10-25;14-10-25;20-10-25;ejecutada;19544570-2;Maria Gonzalez;NO;Cabaa 8;Santa Cruz;720000;720000;transferencia;11-10-25
RES-001345;13-01-25;13-01-25 09:00;13-01-25 10:00;ejecutada;6440714-7;Ana Silva;NO;Cancha Tenis Aire Libre;Providencia;25000;25000;efectivo;12-01-25
RES-001346;05-01-25;05-01-25 14:00;05-01-25 15:00;reservada;14294949-0;Ana Silva;SI;Salon Eventos 2;Santiago Centro;100000;0;;01-01-25
RES-001347;14-10-25;14-10-25;21-10-25;ejecutada;9183641-6;Maria Gonzalez;SI;Cabaa 17;Providencia;840000;840000;efectivo;10-10-25
RES-001348;20-02-25;20-02-25 19:00;20-02-25 20:00;ejecutada;17230874-0;Juan Perez;NO;Salon Eventos 2;Santa Cruz;100000;100000;transferencia;18-02-25
RES-001349;07-03-25;07-03-25 12:00;07-03-25 13:00;ejecutada;16887747-1;Luis Contreras;NO;Cancha Tenis Aire Libre;La Florida;25000;25000;tarjeta;06-03-25
RES-001350;14-04-25;14-04-25;18-04-25;cancelada;20328291-5;Juan Perez;SI;Cabaa 8;La Florida;480000;0;;10-04-25
RES-001351;14-11-25;14-11-25;18-11-25;reservada;10120385-9;Maria Gonzalez;SI;Cabaa 11 X;Providencia;480000;0;;10-11-25
RES-001352;07-11-25;07-11-25;13-11-25;ejecutada;19142269-4;Pedro Rojas;NO;Cabaa 18;Santiago Centro;720000;720000;efectivo;02-11-25
RES-001353;17-12-25;17-12-25;23-12-25;ejecutada;16288155-8;Ana Silva;NO;Cabaa 2;Santiago Centro;720000;720000;efectivo;12-12-25
RES-001354;05-05-25;05-05-25;11-05-25;cancelada;12027524-0;Juan Perez;NO;Cabaa 9;Providencia;720000;0;;02-05-25
RES-001355;17-01-25;17-01-25;26-01-25;reservada;19211618-K;Luis Contreras;NO;Cabaa 3;Santa Cruz;1080000;0;;12-01-25
RES-001356;12-07-25;12-07-25 22:00;12-07-25 23:00;ejecutada;16889614-K;Pedro Rojas;SI;Salon Eventos 4;La Florida;100000;100000;transferencia;11-07-25
RES-001357;04-05-25;04-05-25;07-05-25;reservada;9418221-2;Ana Silva;SI;Cabaa 10;Providencia;360000;0;;03-05-25
RES-001358;06-03-25;06-03-25;13-03-25;cancelada;9842967-0;Luis Contreras;SI;Cabaa 10;La Florida;840000;0;;01-03-25
RES-001359;09-11-25;09-11-25;13-11-25;reservada;18053720-1;Ana Silva;NO;Cabaa 3 X;La Florida;480000;0;;04-11-25
RES-001360;02-08-25;02-08-25;06-08-25;ejecutada;7295878-0;Maria Gonzalez;NO;Cabaa 14;Santa Cruz;480000;480000;tarjeta;30-07-25
RES-001361;13-02-25;13-02-25;20-02-25;reservada;18468277-K;Luis Contreras;NO;Cabaa 3;Providencia;840000;0;;12-02-25
RES-001362;15-11-25;15-11-25;22-11-25;reservada;23388767-6;Juan Perez;NO;Cabaa 2;La Florida;840000;0;;15-11-25
RES-001363;04-10-25;04-10-25;10-10-25;ejecutada;11450455-6;Luis Contreras;SI;Cabaa 13;Santa Cruz;720000;720000;efectivo;30-09-25
RES-001364;14-02-25;14-02-25;16-02-25;ejecutada;11727551-5;Maria Gonzalez;NO;Cabaa 14;Providencia;240000;240000;transferencia;10-02-25
RES-001365;08-08-25;abc/12/25;15-08-25;ejecutada;10701066-6;Maria Gonzalez;SI;Cabaa 9;Santa Cruz;840000;840000;efectivo;06-08-25
RES-001366;01-08-25;01-08-25;09-08-25;reservada;22051085-9;Ana Silva;SI;Cabaa 9;Santa Cruz;960000;0;;27-07-25
RES-001367;08-01-25;08-01-25;15-01-25;reservada;22378728-2;Maria Gonzalez;SI;Cabaa 4;Santiago Centro;840000;0;;04-01-25
RES-001368;03-07-25;03-07-25;11-07-25;cancelada;5854603-8;Luis Contreras;SI;Cabaa 14;Santiago Centro;960000;0;;01-07-25
RES-001369;20-03-25;20-03-25 16:00;20-03-25 17:00;cancelada;10701066-1;Maria Gonzalez;SI;Restaurant 2;Santiago Centro;30000;0;;15-03-25
RES-001370;13-01-25;13-01-25 19:00;13-01-25 20:00;cancelada;24859483-7;Luis Contreras;NO;Cancha Tenis Aire Libre;La Florida;25000;0;;10-01-25
RES-001371;02-10-25;02-10-25;12-10-25;reservada;13734270-7;Luis Contreras;SI;Cabaa 6;Santa Cruz;1200000;0;;27-09-25
RES-001372;17-06-25;17-06-25;21-06-25;cancelada;19161282-5;Luis Contreras;NO;Cabaa 8;Santa Cruz;480000;0;;14-06-25
RES-001373;09-12-25;09-12-25;13-12-25;reservada;24179315-K;Luis Contreras;SI;Cabaa 20;Santiago Centro;480000;0;;07-12-25
RES-001374;20-06-25;20-06-25;23-06-25;reservada;5116250-1;Pedro Rojas;SI;Cabaa 11;Santa Cruz;360000;0;;15-06-25
RES-001375;13-08-25;13-08-25;19-08-25;reservada;19544570-2;Maria Gonzalez;NO;Cabaa 12;Providencia;720000;0;;08-08-25
RES-001376;03-09-25;03-09-25 15:00;03-09-25 16:00;ejecutada;22075434-0;Ana Silva;NO;Salon Eventos 3;Providencia;100000;100000;efectivo;30-08-25
RES-001377;10-02-25;10-02-25;17-02-25;cancelada;12875377-K;Maria Gonzalez;NO;Cabaa 1;Providencia;840000;0;;09-02-25
RES-001378;04-02-25;04-02-25;11-02-25;cancelada;14254375-3;Pedro Rojas;SI;Cabaa 18;Santa Cruz;840000;0;;01-02-25
RES-001379;05-12-25;05-12-25 08:00;05-12-25 09:00;ejecutada;15694640-0;Maria Gonzalez;NO;Salon Eventos 3;La Florida;100000;100000;tarjeta;04-12-25
RES-001380;09-10-25;09-10-25;18-10-25;cancelada;7997541-9;Ana Silva;NO;Cabaa 16;La Florida;1080000;0;;04-10-25
RES-001381;10-11-25;10-11-25 11:00;10-11-25 12:00;ejecutada;12192627-K;Pedro Rojas;SI;Cancha Padel Aire Libre;Providencia;25000;25000;tarjeta;07-11-25
RES-001382;04-12-25;04-12-25;13-12-25;cancelada;9183641-6;Maria Gonzalez;SI;Cabaa 5;Santiago Centro;1080000;0;;30-11-25
RES-001383;05-01-25;05-01-25;14-01-25;ejecutada;22423432-5;Ana Silva;NO;Cabaa 14;Providencia;1080000;1080000;transferencia;02-01-25
RES-001384;01-03-25;01-03-25 12:00;01-03-25 13:00;reservada;13519552-9;Juan Perez;SI;Piscina 1;Santa Cruz;20000;0;;25-02-25
RES-001385;02-04-25;02-04-25;06-04-25;ejecutada;5983819-9;Ana Silva;NO;Cabaa 11;Santiago Centro;480000;480000;tarjeta;02-04-25
RES-001386;04-08-25;04-08-25;11-08-25;ejecutada;7130867-7;Luis Contreras;NO;Cabaa 20;Santa Cruz;840000;840000;tarjeta;02-08-25
RES-001387;19-05-25;19-05-25;25-05-25;ejecutada;19937737-K;Luis Contreras;NO;Cabaa 3;Santa Cruz;720000;720000;transferencia;19-05-25
RES-001388;17-04-25;17-04-25 16:00;17-04-25 17:00;cancelada;6614380-5;Luis Contreras;NO;Salon Eventos 3;Santiago Centro;100000;0;;14-04-25
RES-001389;09-04-25;09-04-25;12-04-25;ejecutada;17453904-9;Ana Silva;NO;Cabaa 14;Santa Cruz;360000;360000;efectivo;05-04-25
RES-001390;01-03-25;01-03-25 11:00;01-03-25 12:00;cancelada;21882154-5;Maria Gonzalez;NO;Cancha Basquetbol Techada;Santa Cruz;35000;0;;25-02-25
RES-001391;07-01-25;07-01-25;13-01-25;reservada;23451242-0;Juan Perez;SI;Cabaa 16;Santiago Centro;720000;0;;06-01-25
RES-001392;01-09-25;01-09-25 16:00;01-09-25 17:00;reservada;12592948-6;Ana Silva;SI;Restaurant 2;Providencia;30000;0;;28-08-25
RES-001393;16-07-25;16-07-25 10:00;16-07-25 11:00;ejecutada;24256806-0;Pedro Rojas;SI;Cancha Basquetbol Aire Libre;Santiago Centro;25000;25000;efectivo;12-07-25
RES-001394;04-10-25;04-10-25 09:00;04-10-25 10:00;reservada;20609781-7;Pedro Rojas;NO;Restaurant 2;La Florida;30000;0;;04-10-25
RES-001395;15-10-25;15-10-25;20-10-25;reservada;21882154-5;Maria Gonzalez;NO;Cabaa 3;La Florida;600000;0;;11-10-25
RES-001396;01-05-25;01-05-25;07-05-25;cancelada;12353825-0;Ana Silva;SI;Cabaa 17;Santiago Centro;720000;0;;26-04-25
RES-001397;01-08-25;01-08-25;06-08-25;cancelada;20175120-9;Maria Gonzalez;NO;Cabaa 6;Santa Cruz;600000;0;;31-07-25
RES-001398;05-02-25;05-02-25;13-02-25;cancelada;13761426-K;Maria Gonzalez;NO;Cabaa 3;Providencia;960000;0;;02-02-25
RES-001399;11-03-25;11-03-25;20-03-25;cancelada;23731597-9;Juan Perez;NO;Cabaa 20;Santiago Centro;1080000;0;;10-03-25
RES-001400;09-10-25;09-10-25 08:00;09-10-25 09:00;cancelada;22329198-8;Luis Contreras;NO;Salon Eventos 2;La Florida;100000;0;;05-10-25
RES-001401;19-11-25;19-11-25;26-11-25;reservada;8309406-0;Luis Contreras;SI;Cabaa 3;La Florida;840000;0;;19-11-25
RES-001402;09-01-25;09-01-25;10-01-25;reservada;5204506-1;Ana Silva;SI;Cabaa 18;Santiago Centro;120000;0;;08-01-25
RES-001403;02-03-25;02-03-25 16:00;02-03-25 17:00;reservada;15120266-7;Juan Perez;SI;Piscina 2;Santa Cruz;20000;0;;26-02-25
RES-001404;01-03-25;01-03-25;02-03-25;ejecutada;24795565-8;Luis Contreras;NO;Cabaa 20;Santa Cruz;120000;120000;efectivo;01-03-25
RES-001405;16-07-25;16-07-25 14:00;16-07-25 15:00;reservada;23369020-1;Ana Silva;SI;Cancha Basquetbol Aire Libre;Santiago Centro;25000;0;;16-07-25
RES-001406;09-09-25;09-09-25;16-09-25;ejecutada;24447412-8;Juan Perez;SI;Cabaa 10;Santa Cruz;840000;840000;efectivo;04-09-25
RES-001407;16-10-25;16-10-25;22-10-25;ejecutada;7777224-3;Maria Gonzalez;NO;Cabaa 9;Santiago Centro;720000;720000;tarjeta;14-10-25
RES-001408;09-12-25;09-12-25;10-12-25;ejecutada;15115625-8;Juan Perez;NO;Cabaa 2;Santiago Centro;120000;120000;efectivo;08-12-25
RES-001409;13-02-25;13-02-25;15-02-25;cancelada;9039992-6;Ana Silva;NO;Cabaa 14;Santa Cruz;240000;0;;11-02-25
RES-001410;11-09-25;/05/25;15-09-25;reservada;23498184-2;Juan Perez;NO;Cabaa 4;Santiago Centro;480000;0;;06-09-25
RES-001411;20-09-25;20-09-25;27-09-25;reservada;18876546-7;Juan Perez;SI;Cabaa 15;Santa Cruz;840000;0;;19-09-25
RES-001412;03-03-25;03-03-25 15:00;03-03-25 16:00;ejecutada;21162735-2;Juan Perez;SI;Salon Eventos 1;La Florida;100000;100000;tarjeta;27-02-25
RES-001413;19-09-25;19-09-25 11:00;19-09-25 12:00;cancelada;13006129-K;Pedro Rojas;NO;Cancha Basquetbol Techada;Providencia;35000;0;;18-09-25
RES-001414;09-08-25;09-08-25;19-08-25;reservada;23435811-1;Pedro Rojas;NO;Cabaa 17;La Florida;1200000;0;;09-08-25
RES-001415;11-06-25;11-06-25 08:00;11-06-25 09:00;cancelada;21178138-6;Ana Silva;SI;Cancha Padel Aire Libre;La Florida;25000;0;;06-06-25
RES-001416;17-11-25;17-11-25;25-11-25;ejecutada;15941454-K;Pedro Rojas;SI;Cabaa 9;Providencia;960000;960000;efectivo;15-11-25
RES-001417;07-07-25;07-07-25 14:00;07-07-25 15:00;ejecutada;14394380-1;Pedro Rojas;NO;Cancha Tenis Techada;La Florida;35000;35000;tarjeta;06-07-25
RES-001418;16-11-25;16-11-25 17:00;16-11-25 18:00;reservada;13014055-6;Maria Gonzalez;NO;Salon Eventos 1;Santiago Centro;100000;0;;16-11-25
RES-001419;14-12-25;10/10/;23-12-25;cancelada;10119752-4;Juan Perez;NO;Cabaa 12;La Florida;1080000;0;;11-12-25
RES-001420;13-04-25;13-04-25 19:00;13-04-25 20:00;cancelada;23684083-2;Pedro Rojas;SI;Cancha Futbolito Aire Libre;Providencia;25000;0;;09-04-25
RES-001421;04-01-25;04-01-25;09-01-25;ejecutada;14155657-6;Pedro Rojas;SI;Cabaa 19;Providencia;600000;600000;tarjeta;04-01-25
RES-001422;20-03-25;20-03-25;29-03-25;reservada;10645717-4;Pedro Rojas;SI;Cabaa 8;Providencia;1080000;0;;16-03-25
RES-001423;02-11-25;02-11-25;12-11-25;ejecutada;23302730-8;Maria Gonzalez;SI;Cabaa 20;Santiago Centro;1200000;1200000;efectivo;02-11-25
RES-001424;01-11-25;01-11-25;08-11-25;reservada;23835968-6;Juan Perez;SI;Cabaa 3;Santa Cruz;840000;0;;31-10-25
RES-001425;03-02-25;03-02-25 14:00;03-02-25 15:00;ejecutada;12341381-4;Luis Contreras;SI;Salon Eventos 3;Providencia;100000;100000;transferencia;30-01-25
RES-001426;20-04-25;20-04-25 10:00;20-04-25 11:00;cancelada;17678051-7;Juan Perez;SI;Cancha Basquetbol Aire Libre;Santa Cruz;25000;0;;20-04-25
RES-001427;18-12-25;18-12-25 08:00;18-12-25 09:00;cancelada;8009585-6;Luis Contreras;SI;Cancha Tenis Aire Libre;Providencia;25000;0;;13-12-25
RES-001428;03-04-25;03-04-25 21:00;03-04-25 22:00;reservada;20548964-9;Maria Gonzalez;SI;Restaurant 1;Santa Cruz;30000;0;;03-04-25
RES-001429;13-11-25;13-11-25;22-11-25;reservada;23939713-1;Pedro Rojas;NO;Cabaa 1;La Florida;1080000;0;;08-11-25
RES-001430;08-10-25;08-10-25 10:00;08-10-25 11:00;ejecutada;10679568-1;Luis Contreras;SI;Cancha Tenis Aire Libre;Santiago Centro;25000;25000;transferencia;06-10-25
RES-001431;12-05-25;12-05-25;16-05-25;ejecutada;8482497-6;Ana Silva;NO;Cabaa 7;Santiago Centro;480000;480000;transferencia;12-05-25
RES-001432;18-11-25;18-11-25 15:00;18-11-25 16:00;reservada;20666104-6;Juan Perez;NO;Restaurant 2;Santiago Centro;30000;0;;17-11-25
RES-001433;14-08-25;14-08-25 18:00;14-08-25 19:00;reservada;16530236-2;Pedro Rojas;SI;Salon Eventos 3;Santa Cruz;100000;0;;10-08-25
RES-001434;11-10-25;11-10-25;18-10-25;cancelada;24949712-6;Luis Contreras;NO;Cabaa 19;Santa Cruz;840000;0;;09-10-25
RES-001435;03-05-25;03-05-25;06-05-25;cancelada;22071602-3;Pedro Rojas;SI;Cabaa 12;La Florida;360000;0;;03-05-25
RES-001436;17-03-25;17-03-25 09:00;17-03-25 10:00;cancelada;16984924-2;Pedro Rojas;SI;Cancha Futbolito Techada;Providencia;35000;0;;14-03-25
RES-001437;12-03-25;12-03-25;22-03-25;ejecutada;7864408-7;Maria Gonzalez;NO;Cabaa 6;Santa Cruz;1200000;1200000;tarjeta;12-03-25
RES-001438;13-07-25;13-07-25;16-07-25;reservada;5135966-6;Pedro Rojas;NO;Cabaa 4;La Florida;360000;0;;10-07-25
RES-001439;20-07-25;20-07-25 22:00;20-07-25 23:00;cancelada;21525938-2;Ana Silva;NO;Cancha Padel Aire Libre;La Florida;25000;0;;19-07-25
RES-001440;15//25;02-12-25;07-12-25;cancelada;5645014-9;Pedro Rojas;SI;Cabaa 1 X;La Florida;600000;0;;27-11-25
RES-001441;03-03-25;03-03-25 21:00;03-03-25 22:00;cancelada;6126625-9;Maria Gonzalez;SI;Salon Eventos 3;Santiago Centro;100000;0;;27-02-25
RES-001442;02-08-25;02-08-25 19:00;02-08-25 20:00;cancelada;20394775-5;Pedro Rojas;SI;Piscina 2;La Florida;20000;0;;31-07-25
RES-001443;19-03-25;19-03-25;24-03-25;cancelada;7500349-8;Pedro Rojas;SI;Cabaa 17;La Florida;600000;0;;16-03-25
RES-001444;02-08-25;02-08-25 18:00;02-08-25 19:00;ejecutada;6436217-8;Pedro Rojas;SI;Restaurant 2;La Florida;30000;30000;efectivo;02-08-25
RES-001445;06-10-25;06-10-25;06-10-25 12:00;cancelada;12275678-5;Juan Perez;SI;Cancha Tenis Aire Libre X;Santa Cruz;25000;0;;06-10-25
RES-001446;02-08-25;02-08-25 14:00;02-08-25 15:00;reservada;17213598-6;Pedro Rojas;SI;Cancha Basquetbol Techada;Providencia;35000;0;;31-07-25
RES-001447;11-03-25;11-03-25;20-03-25;cancelada;8119421-1;Pedro Rojas;NO;Cabaa 9;Providencia;1080000;0;;07-03-25
RES-001448;08-10-25;08-10-25;09-10-25;ejecutada;14379495-4;Luis Contreras;NO;Cabaa 12;Providencia;120000;120000;efectivo;04-10-25
RES-001449;06-09-25;06-09-25;15-09-25;cancelada;13775714-1;Luis Contreras;SI;Cabaa 15 X;Santa Cruz;1080000;0;;04-09-25
RES-001450;03-02-25;03-02-25;08-02-25;cancelada;17186404-6;Ana Silva;NO;Cabaa 17;Providencia;600000;0;;02-02-25
RES-001451;08-03-25;08-03-25;14-03-25;cancelada;16012079-7;Ana Silva;NO;Cabaa 9;Santiago Centro;720000;0;;07-03-25
RES-001452;03-06-25;03-06-25;12-06-25;ejecutada;19443419-7;Pedro Rojas;SI;Cabaa 5;Santa Cruz;1080000;1080000;tarjeta;31-05-25
RES-001453;06-06-25;06-06-25;07-06-25;cancelada;18647741-3;Ana Silva;NO;Cabaa 13;Providencia;120000;0;;04-06-25
RES-001454;07-09-25;07-09-25;11-09-25;ejecutada;6807678-1;Pedro Rojas;NO;Cabaa 6;Santiago Centro;480000;480000;efectivo;07-09-25
RES-001455;14-04-25;14-04-25;10/10/;reservada;15600733-8;Luis Contreras;NO;Cabaa 12;Santa Cruz;960000;0;;14-04-25
RES-001456;04-08-25;04-08-25 11:00;04-08-25 12:00;reservada;13761426-K;Maria Gonzalez;SI;Cancha Basquetbol Aire Libre;La Florida;25000;0;;02-08-25
RES-001457;17-10-25;17-10-25;23-10-25;cancelada;14254375-3;Pedro Rojas;SI;Cabaa 13;Providencia;720000;0;;15-10-25
RES-001458;16-03-25;16-03-25;21-03-25;ejecutada;7101185-2;Pedro Rojas;SI;Cabaa 3;La Florida;600000;600000;efectivo;13-03-25
RES-001459;02-03-25;02-03-25;10/10/;reservada;17470694-8;Pedro Rojas;NO;Cabaa 3;La Florida;720000;0;;25-02-25
RES-001460;15-07-25;15-07-25;21-07-25;ejecutada;21178138-6;Ana Silva;NO;Cabaa 10;La Florida;720000;720000;transferencia;15-07-25
RES-001461;14-07-26;16-07-26 14:30;16-07-26 15:30;reservada;9680719-8;Ana Silva;NO;Salon Eventos 4;La Florida;100000;0;;02-02-25
RES-001462;18-12-25;18-12-25;26-12-25;ejecutada;16889614-K;Pedro Rojas;NO;Cabaa 10;La Florida;960000;960000;efectivo;16-12-25
RES-001463;14-07-26;16-07-26 19:30;26-07-26 19:30;reservada;11483413-0;Ana Silva;NO;Cabaa 17;Santiago Centro;1200000;0;;18-07-25
RES-001464;07-04-25;07-04-25;11-04-25;reservada;16054257-8;Luis Contreras;NO;Cabaa 17;La Florida;480000;0;;07-04-25
RES-001465;10-05-25;10-05-25 11:00;10-05-25 12:00;ejecutada;21452115-6;Pedro Rojas;NO;Cancha Padel Techada;Providencia;35000;35000;transferencia;06-05-25
RES-001466;12-11-25;12-11-25 16:00;12-11-25 17:00;ejecutada;24639890-9;Luis Contreras;NO;Cancha Futbolito Aire Libre;Providencia;25000;25000;efectivo;12-11-25
RES-001467;16-06-25;16-06-25 20:00;16-06-25 21:00;cancelada;17786278-9;Juan Perez;NO;Cancha Basquetbol Aire Libre;La Florida;25000;0;;12-06-25
RES-001468;12-12-25;12-12-25;12-12-25 14:00;ejecutada;22071602-3;Pedro Rojas;NO;Cancha Basquetbol Techada X;La Florida;35000;35000;efectivo;12-12-25
RES-001469;02-09-25;02-09-25;10-09-25;cancelada;17623443-1;Maria Gonzalez;SI;Cabaa 20;La Florida;960000;0;;02-09-25
RES-001470;13-02-25;13-02-25;23-02-25;ejecutada;24090729-1;Pedro Rojas;SI;Cabaa 13;Santiago Centro;1200000;1200000;tarjeta;08-02-25
RES-001471;06-05-25;06-05-25;07-05-25;ejecutada;11483413-0;Ana Silva;NO;Cabaa 7;Providencia;120000;120000;transferencia;01-05-25
RES-001472;16-12-25;16-12-25;23-12-25;cancelada;24826693-7;Luis Contreras;SI;Cabaa 16;La Florida;840000;0;;15-12-25
RES-001473;14-02-25;14-02-25;18-02-25;reservada;14582283-1;Luis Contreras;NO;Cabaa 4;Providencia;480000;0;;11-02-25
RES-001474;abc/12/25;17-07-25;20-07-25;ejecutada;23835968-7;Juan Perez;NO;Cabaa 7;Santiago Centro;360000;360000;tarjeta;14-07-25
RES-001475;10-12-25;10-12-25;14-12-25;cancelada;20548964-9;Maria Gonzalez;SI;Cabaa 1;Santa Cruz;480000;0;;07-12-25
RES-001476;03-04-25;03-04-25 20:00;03-04-25 21:00;cancelada;5633053-4;Maria Gonzalez;NO;Cancha Padel Aire Libre;Santiago Centro;25000;0;;31-03-25
RES-001477;01-10-25;01-10-25;11-10-25;ejecutada;8309406-0;Luis Contreras;NO;Cabaa 16;Providencia;1200000;1200000;tarjeta;28-09-25
RES-001478;06-02-25;06-02-25 19:00;06-02-25 20:00;reservada;9179703-8;Maria Gonzalez;NO;Salon Eventos 2;Santa Cruz;100000;0;;06-02-25
RES-001479;01-04-25;01-04-25;09-04-25;cancelada;16094679-2;Ana Silva;SI;Cabaa 4;Santa Cruz;960000;0;;27-03-25
RES-001480;17-06-25;17-06-25;26-06-25;ejecutada;12809545-4;Juan Perez;SI;Cabaa 5;Santa Cruz;1080000;1080000;tarjeta;13-06-25
RES-001481;13-10-25;13-10-25;23-10-25;cancelada;17096666-K;Juan Perez;SI;Cabaa 7;La Florida;1200000;0;;09-10-25
RES-001482;13-01-25;15-06-25;22-01-25;reservada;23939713-7;Pedro Rojas;NO;Cabaa 8;Providencia;1080000;0;;13-01-25
RES-001483;10-11-25;10-11-25;14-11-25;reservada;15594513-3;Pedro Rojas;SI;Cabaa 9;Santa Cruz;480000;0;;10-11-25
RES-001484;15-03-25;15-03-25 18:00;15-03-25 19:00;reservada;5590602-5;Juan Perez;NO;Cancha Basquetbol Techada;Santa Cruz;35000;0;;15-03-25
RES-001485;11-05-25;11-05-25;17-05-25;cancelada;18467664-8;Pedro Rojas;SI;Cabaa 17;Santiago Centro;720000;0;;11-05-25
RES-001486;03-05-25;03-05-25 10:00;03-05-25 11:00;ejecutada;16054257-8;Luis Contreras;SI;Restaurant 2;Santa Cruz;30000;30000;transferencia;02-05-25
RES-001487;11-12-25;11-12-25;13-12-25;ejecutada;19132405-6;Luis Contreras;SI;Cabaa 18;La Florida;240000;240000;efectivo;11-12-25
RES-001488;13-08-25;13-08-25 10:00;13-08-25 11:00;ejecutada;6126625-9;Maria Gonzalez;NO;Salon Eventos 4;Santa Cruz;100000;100000;tarjeta;10-08-25
RES-001489;03-06-25;03-06-25;06-06-25;reservada;10238227-7;Ana Silva;SI;Cabaa 9;Santa Cruz;360000;0;;31-05-25
RES-001490;07-10-25;07-10-25 13:00;07-10-25 14:00;cancelada;17186404-6;Ana Silva;NO;Cancha Tenis Aire Libre;Santiago Centro;25000;0;;07-10-25
RES-001491;19-07-25;19-07-25;26-07-25;cancelada;20713143-1;Luis Contreras;NO;Cabaa 3;Providencia;840000;0;;16-07-25
RES-001492;18-10-25;18-10-25;18-10-25 09:00;reservada;11414686-2;Maria Gonzalez;NO;Cancha Tenis Aire Libre;Santiago Centro;25000;0;;18-10-25
RES-001493;11-10-25;11-10-25 19:00;11-10-25 20:00;reservada;12385234-6;Maria Gonzalez;NO;Salon Eventos 2;La Florida;100000;0;;06-10-25
RES-001494;16-05-25;16-05-25 22:00;16-05-25 23:00;ejecutada;21178138-6;Ana Silva;SI;Piscina 1;Santa Cruz;20000;20000;tarjeta;11-05-25
RES-001495;14-11-25;14-11-25 10:00;14-11-25 11:00;reservada;11219981-0;Pedro Rojas;SI;Piscina 2;La Florida;20000;0;;11-11-25
RES-001496;15-05-25;15-05-25;23-05-25;cancelada;7500349-8;Pedro Rojas;NO;Cabaa 17;Santiago Centro;960000;0;;15-05-25
RES-001497;02-03-25;02-03-25;03-03-25;cancelada;24949712-6;Luis Contreras;SI;Cabaa 11;Santa Cruz;120000;0;;28-02-25
RES-001498;29-04-26;01-05-26 02:30;11-05-26 02:30;reservada;22852757-2;Ana Silva;NO;Cabaa 20;Providencia;1200000;0;;04-01-25
RES-001499;10-10-25;10-10-25 15:00;10-10-25 16:00;reservada;5149595-0;Maria Gonzalez;NO;Cancha Padel Techada;Santiago Centro;35000;0;;10-10-25
RES-001500;14-03-25;14-03-25;18-03-25;cancelada;24693299-9;Pedro Rojas;NO;Cabaa 19;Santa Cruz;480000;0;;12-03-25
RES-001501;12-07-25;12-07-25;18-07-25;reservada;11885348-2;Pedro Rojas;NO;Cabaa 20;Providencia;720000;0;;09-07-25
RES-001502;13-05-25;13-05-25;16-05-25;cancelada;10464361-2;Luis Contreras;NO;Cabaa 12;La Florida;360000;0;;11-05-25
RES-001503;17-03-25;17-03-25;26-03-25;ejecutada;16550967-6;Ana Silva;NO;Cabaa 4;Providencia;1080000;1080000;tarjeta;16-03-25
RES-001504;18-02-25;18-02-25;23-02-25;cancelada;22367120-9;Pedro Rojas;NO;Cabaa 9;Providencia;600000;0;;18-02-25
RES-001505;12-01-25;12-01-25 15:00;12-01-25 16:00;reservada;14586066-0;Ana Silva;SI;Cancha Tenis Techada;Santiago Centro;35000;0;;10-01-25
RES-001506;07-04-25;07-04-25;11-04-25;cancelada;13650113-5;Pedro Rojas;NO;Cabaa 10;Santiago Centro;480000;0;;07-04-25
RES-001507;20-07-25;20-07-25 12:00;20-07-25 13:00;cancelada;21156024-K;Maria Gonzalez;SI;Salon Eventos 4;Santiago Centro;100000;0;;17-07-25
RES-001508;03-01-25;03-01-25;07-01-25;reservada;11450455-6;Luis Contreras;SI;Cabaa 8;Santiago Centro;480000;0;;29-12-24
RES-001509;16-07-25;16-07-25;17-07-25;ejecutada;21217431-9;Juan Perez;NO;Cabaa 7;Providencia;120000;120000;efectivo;14-07-25
RES-001510;05-09-25;05-09-25;13-09-25;cancelada;22329198-8;Luis Contreras;NO;Cabaa 20;La Florida;960000;0;;01-09-25
RES-001511;18-03-25;18-03-25;28-03-25;ejecutada;9978267-6;Pedro Rojas;NO;Cabaa 18;La Florida;1200000;1200000;tarjeta;14-03-25
RES-001512;16-03-25;16-03-25 15:00;16-03-25 16:00;reservada;7826282-6;Maria Gonzalez;NO;Cancha Tenis Techada;Santiago Centro;35000;0;;15-03-25
RES-001513;15-05-25;15-05-25;19-05-25;cancelada;23021174-4;Maria Gonzalez;SI;Cabaa 2;Providencia;480000;0;;11-05-25
RES-001514;01-06-25;01-06-25;08-06-25;ejecutada;16987649-5;Maria Gonzalez;SI;Cabaa 7;La Florida;840000;840000;transferencia;01-06-25
RES-001515;10-05-26;12-05-26 13:00;19-05-26 13:00;reservada;16253483-1;Maria Gonzalez;SI;Cabaa 8;Santiago Centro;840000;0;;03-07-25
RES-001516;01-11-25;01-11-25 09:00;01-11-25 10:00;reservada;16953331-8;Pedro Rojas;SI;Restaurant 1;La Florida;30000;0;;31-10-25
RES-001517;08-12-25;08-12-25;11-12-25;ejecutada;22156789-7;Luis Contreras;NO;Cabaa 6;Santiago Centro;360000;360000;tarjeta;04-12-25
RES-001518;12-09-25;12-09-25;18-09-25;cancelada;11885348-2;Pedro Rojas;SI;Cabaa 14;La Florida;720000;0;;07-09-25
RES-001519;01-08-25;01-08-25;03-08-25;reservada;16460920-0;Maria Gonzalez;SI;Cabaa 9;La Florida;240000;0;;30-07-25
RES-001520;04-10-25;04-10-25;14-10-25;reservada;15804334-3;Luis Contreras;NO;Cabaa 11;Santa Cruz;1200000;0;;04-10-25
RES-001521;17-12-25;17-12-25;25-12-25;ejecutada;22287381-9;Ana Silva;SI;Cabaa 18;Santa Cruz;960000;960000;efectivo;17-12-25
RES-001522;10-11-25;10-11-25;20-11-25;cancelada;15562742-5;Maria Gonzalez;NO;Cabaa 20;Santa Cruz;1200000;0;;10-11-25
RES-001523;12-03-25;12-03-25;19-03-25;cancelada;17503226-6;Juan Perez;NO;Cabaa 13;Santa Cruz;840000;0;;08-03-25
RES-001524;05-02-25;05-02-25;13-02-25;reservada;19895777-1;Juan Perez;SI;Cabaa 8;Santa Cruz;960000;0;;04-02-25
RES-001525;11-02-25;11-02-25;15-02-25;reservada;5033421-K;Maria Gonzalez;NO;Cabaa 5;La Florida;480000;0;;06-02-25
RES-001526;08-01-25;08-01-25 16:00;08-01-25 17:00;reservada;13015768-8;Pedro Rojas;SI;Cancha Tenis Techada;La Florida;35000;0;;06-01-25
RES-001527;02-02-25;02-02-25 16:00;02-02-25 17:00;reservada;12275678-5;Juan Perez;NO;Cancha Basquetbol Aire Libre;Santiago Centro;25000;0;;01-02-25
RES-001528;14-07-25;14-07-25 18:00;14-07-25 19:00;ejecutada;7584304-6;Ana Silva;NO;Piscina 1;La Florida;20000;20000;transferencia;12-07-25
RES-001529;13-04-25;13-04-25 18:00;13-04-25 19:00;cancelada;17877832-3;Pedro Rojas;SI;Salon Eventos 4;Santa Cruz;100000;0;;13-04-25
RES-001530;12-06-25;12-06-25;13-06-25;reservada;13775714-1;Luis Contreras;SI;Cabaa 4;La Florida;120000;0;;08-06-25
RES-001531;08-06-25;08-06-25;12-06-25;ejecutada;19161282-5;Luis Contreras;NO;Cabaa 17;Providencia;480000;480000;transferencia;06-06-25
RES-001532;08-02-25;08-02-25;12-02-25;reservada;10776000-3;Luis Contreras;SI;Cabaa 17;Santiago Centro;480000;0;;08-02-25
RES-001533;10-09-25;10-09-25;12-09-25;ejecutada;5137322-7;Juan Perez;NO;Cabaa 15;La Florida;240000;240000;transferencia;09-09-25
RES-001534;04-07-25;04-07-25;09-07-25;cancelada;16170965-4;Luis Contreras;NO;Cabaa 7;Providencia;600000;0;;29-06-25
RES-001535;11-02-25;11-02-25;14-02-25;cancelada;19195488-2;Pedro Rojas;NO;Cabaa 15;Providencia;360000;0;;09-02-25
RES-001536;03-02-25;03-02-25;13-02-25;ejecutada;18692916-0;Ana Silva;SI;Cabaa 6;Providencia;1200000;1200000;tarjeta;01-02-25
RES-001537;02-08-25;15-06-25;08-08-25;ejecutada;18647741-3;Ana Silva;NO;Cabaa 19 X;Providencia;720000;720000;transferencia;02-08-25
RES-001538;15-11-25;15-11-25;23-11-25;cancelada;19937737-K;Luis Contreras;NO;Cabaa 19;Santa Cruz;960000;0;;13-11-25
RES-001539;04-04-25;04-04-25;07-04-25;cancelada;20672079-4;Juan Perez;SI;Cabaa 18;Santa Cruz;360000;0;;04-04-25
RES-001540;03-02-25;03-02-25;05-02-25;cancelada;15819975-0;Pedro Rojas;SI;Cabaa 15;Santa Cruz;240000;0;;02-02-25
RES-001541;04-12-25;04-12-25 09:00;04-12-25 10:00;reservada;10698937-0;Pedro Rojas;NO;Cancha Basquetbol Aire Libre;Providencia;25000;0;;03-12-25
RES-001542;/05/25;12-12-25;13-12-25;reservada;16107528-0;Juan Perez;SI;Cabaa 17;Santiago Centro;120000;0;;08-12-25
RES-001543;10-10-25;10-10-25;14-10-25;reservada;15088563-9;Pedro Rojas;NO;Cabaa 9;Santa Cruz;480000;0;;05-10-25
RES-001544;07-05-25;07-05-25;11-05-25;reservada;15790934-7;Maria Gonzalez;NO;Cabaa 1;Providencia;480000;0;;07-05-25
RES-001545;09-03-25;09-03-25;10-03-25;cancelada;20086756-4;Maria Gonzalez;NO;Cabaa 7;Providencia;120000;0;;08-03-25
RES-001546;05-06-25;05-06-25;12-06-25;ejecutada;6884770-2;Luis Contreras;SI;Cabaa 20;Santiago Centro;840000;840000;efectivo;04-06-25
RES-001547;02-10-25;02-10-25 08:00;02-10-25 09:00;reservada;10698937-0;Pedro Rojas;NO;Salon Eventos 3;Santa Cruz;100000;0;;28-09-25
RES-001548;04-02-25;04-02-25;11-02-25;cancelada;14756759-6;Juan Perez;NO;Cabaa 10;La Florida;840000;0;;03-02-25
RES-001549;04-04-25;04-04-25;06-04-25;reservada;7416582-6;Pedro Rojas;NO;Cabaa 14;Providencia;240000;0;;01-04-25
RES-001550;10-06-25;10-06-25;15-06-25;ejecutada;13014055-6;Maria Gonzalez;NO;Cabaa 1;Santa Cruz;600000;600000;efectivo;09-06-25
RES-001551;03-08-25;03-08-25 13:00;03-08-25 14:00;reservada;13792450-1;Juan Perez;NO;Salon Eventos 1;La Florida;100000;0;;30-07-25
RES-001552;10-09-25;10-09-25;16-09-25;reservada;22287381-9;Ana Silva;SI;Cabaa 13;La Florida;720000;0;;09-09-25
RES-001553;18-03-25;18-03-25;23-03-25;cancelada;10289799-4;Maria Gonzalez;NO;Cabaa 20 X;Providencia;600000;0;;16-03-25
RES-001554;16-08-25;16-08-25 19:00;16-08-25 20:00;reservada;16990297-6;Ana Silva;SI;Cancha Padel Techada;Santa Cruz;35000;0;;14-08-25
RES-001555;20-09-25;20-09-25;26-09-25;cancelada;6436217-8;Pedro Rojas;NO;Cabaa 9;Santiago Centro;720000;0;;16-09-25
RES-001556;20-01-25;20-01-25;24-01-25;ejecutada;13650113-5;Pedro Rojas;NO;Cabaa 11;La Florida;480000;480000;efectivo;20-01-25
RES-001557;22-06-26;24-06-26 07:00;25-06-26 07:00;reservada;17503226-6;Juan Perez;SI;Cabaa 18;La Florida;120000;0;;14-08-25
RES-001558;11-02-25;11-02-25 11:00;11-02-25 12:00;ejecutada;21821683-8;Maria Gonzalez;NO;Cancha Padel Techada;Santiago Centro;35000;35000;efectivo;11-02-25
RES-001559;06-12-25;06-12-25 10:00;06-12-25 11:00;ejecutada;14952228-K;Juan Perez;SI;Cancha Tenis Techada;Santiago Centro;35000;35000;efectivo;04-12-25
RES-001560;01-08-25;01-08-25;10-08-25;ejecutada;6126593-7;Juan Perez;SI;Cabaa 5;Santiago Centro;1080000;1080000;tarjeta;31-07-25
RES-001561;15-09-25;15-09-25;16-09-25;reservada;21156024-5;Maria Gonzalez;SI;Cabaa 2;Providencia;120000;0;;15-09-25
RES-001562;13-08-25;13-08-25;22-08-25;ejecutada;15826885-K;Juan Perez;NO;Cabaa 12;Santiago Centro;1080000;1080000;efectivo;09-08-25
RES-001563;31/02/25;04-04-25;14-04-25;cancelada;14394380-1;Pedro Rojas;SI;Cabaa 19 X;La Florida;1200000;0;;04-04-25
RES-001564;29-06-26;01-07-26 12:30;05-07-26 12:30;reservada;21162735-2;Juan Perez;NO;Cabaa 17;Providencia;480000;0;;13-12-25
RES-001565;11-11-25;11-11-25 08:00;11-11-25 09:00;cancelada;16054257-8;Luis Contreras;NO;Salon Eventos 2;Santiago Centro;100000;0;;06-11-25
RES-001566;05-01-25;05-01-25;13-01-25;reservada;13014055-6;Maria Gonzalez;NO;Cabaa 6;La Florida;960000;0;;31-12-24
RES-001567;07-03-25;07-03-25;11-03-25;cancelada;5427877-2;Juan Perez;SI;Cabaa 4;La Florida;480000;0;;02-03-25
RES-001568;03-12-25;03-12-25;05-12-25;reservada;21349217-9;Luis Contreras;NO;Cabaa 2;La Florida;240000;0;;29-11-25
RES-001569;11-01-25;11-01-25 20:00;11-01-25 21:00;ejecutada;12651989-3;Luis Contreras;NO;Cancha Padel Techada;Providencia;35000;35000;efectivo;09-01-25
RES-001570;18-04-25;18-04-25;18-04-25 21:00;ejecutada;15338995-0;Ana Silva;SI;Salon Eventos 3;Santiago Centro;100000;100000;transferencia;15-04-25
RES-001571;18-09-25;18-09-25;22-09-25;cancelada;20859114-2;Luis Contreras;SI;Cabaa 15;Santiago Centro;480000;0;;18-09-25
RES-001572;18-06-25;18-06-25;22-06-25;cancelada;9354610-5;Luis Contreras;SI;Cabaa 10;La Florida;480000;0;;16-06-25
RES-001573;13-06-25;13-06-25 16:00;13-06-25 17:00;reservada;5373421-9;Luis Contreras;NO;Piscina 1;Santa Cruz;20000;0;;12-06-25
RES-001574;11-05-25;11-05-25 12:00;11-05-25 13:00;reservada;13006129-K;Pedro Rojas;NO;Restaurant 2;Santa Cruz;30000;0;;09-05-25
RES-001575;11-06-25;11-06-25 21:00;11-06-25 22:00;cancelada;6126625-9;Maria Gonzalez;NO;Cancha Padel Aire Libre;La Florida;25000;0;;06-06-25
RES-001576;18-01-25;18-01-25 18:00;18-01-25 19:00;ejecutada;20194778-2;Ana Silva;NO;Cancha Padel Aire Libre;Santa Cruz;25000;25000;tarjeta;13-01-25
RES-001577;07-05-25;07-05-25;11-05-25;cancelada;24090729-1;Pedro Rojas;SI;Cabaa 19;Santa Cruz;480000;0;;03-05-25
RES-001578;18-07-25;18-07-25;23-07-25;ejecutada;24945636-5;Ana Silva;SI;Cabaa 14;La Florida;600000;600000;efectivo;17-07-25
RES-001579;08-07-25;08-07-25;18-07-25;cancelada;7416582-6;Pedro Rojas;NO;Cabaa 17;Santiago Centro;1200000;0;;04-07-25
RES-001580;01-05-25;01-05-25;04-05-25;reservada;18646254-8;Pedro Rojas;SI;Cabaa 5;La Florida;360000;0;;27-04-25
RES-001581;09-09-25;09-09-25;19-09-25;reservada;13203913-5;Maria;SI;Cabaa 1;Santiago Centro;1200000;0;;06-09-25
RES-001582;03-01-25;03-01-25;11-01-25;reservada;13014055-6;Maria Gonzalez;NO;Cabaa 18;Santiago Centro;960000;0;;30-12-24
RES-001583;12-06-25;12-06-25 08:00;12-06-25 09:00;cancelada;20128868-1;Ana Silva;SI;Salon Eventos 2;Santiago Centro;100000;0;;10-06-25
RES-001584;02-02-25;abc/12/25;08-02-25;ejecutada;13006208-3;Luis Contreras;SI;Cabaa 8 X;La Florida;720000;720000;efectivo;30-01-25
RES-001585;09-02-25;09-02-25;16-02-25;reservada;21178138-6;Ana Silva;SI;Cabaa 20;Santa Cruz;840000;0;;06-02-25
RES-001586;05-11-25;05-11-25;13-11-25;reservada;21454415-6;Maria Gonzalez;NO;Cabaa 18;La Florida;960000;0;;05-11-25
RES-001587;12-03-25;12-03-25 22:00;12-03-25 23:00;cancelada;10698937-0;Pedro Rojas;NO;Cancha Padel Techada;La Florida;35000;0;;07-03-25
RES-001588;08-08-25;08-08-25 19:00;08-08-25 20:00;cancelada;11627877-4;Pedro Rojas;NO;Restaurant 2;La Florida;30000;0;;08-08-25
RES-001589;06-06-25;06-06-25 14:00;06-06-25 15:00;reservada;22108526-4;Ana Silva;NO;Salon Eventos 4 X;La Florida;100000;0;;03-06-25
RES-001590;01-09-25;01-09-25 12:00;01-09-25 13:00;ejecutada;16972312-5;Juan Perez;NO;Piscina 1;Santiago Centro;20000;20000;transferencia;27-08-25
RES-001591;18-02-25;18-02-25;26-02-25;cancelada;6807678-1;Pedro Rojas;NO;Cabaa 19;Providencia;960000;0;;14-02-25
RES-001592;09-03-25;09-03-25 22:00;09-03-25 23:00;ejecutada;8160344-8;Luis Contreras;NO;Salon Eventos 3;Santa Cruz;100000;100000;tarjeta;04-03-25
RES-001593;11-03-25;11-03-25;16-03-25;reservada;7607462-3;Pedro Rojas;SI;Cabaa 20;Santa Cruz;600000;0;;09-03-25
RES-001594;19-08-25;19-08-25;21-08-25;cancelada;16012079-7;Ana Silva;SI;Cabaa 1;Providencia;240000;0;;16-08-25
RES-001595;17-06-25;17-06-25 18:00;17-06-25 19:00;cancelada;18647741-3;Ana Silva;NO;Cancha Futbolito Techada;La Florida;35000;0;;13-06-25
RES-001596;01-02-25;01-02-25 10:00;01-02-25 11:00;cancelada;15505875-7;Pedro Rojas;NO;Piscina 1;Santiago Centro;20000;0;;01-02-25
RES-001597;16-10-25;16-10-25 16:00;16-10-25 17:00;ejecutada;16336276-7;Pedro Rojas;NO;Cancha Tenis Techada;Santa Cruz;35000;35000;transferencia;11-10-25
RES-001598;19-11-25;19-11-25;28-11-25;reservada;14254375-3;Pedro Rojas;SI;Cabaa 7;Santa Cruz;1080000;0;;14-11-25
RES-001599;18-11-25;18-11-25;20-11-25;reservada;16887747-1;Luis Contreras;SI;Cabaa 14;Providencia;240000;0;;16-11-25
RES-001600;01-04-25;01-04-25;07-04-25;reservada;14565689-3;Pedro Rojas;NO;Cabaa 18;Providencia;720000;0;;27-03-25
RES-001601;13-11-25;13-11-25;19-11-25;ejecutada;19715915-4;Luis Contreras;NO;Cabaa 13;Santiago Centro;720000;720000;tarjeta;13-11-25
RES-001602;10-09-25;10-09-25 08:00;10-09-25 09:00;reservada;12578522-0;Ana Silva;NO;Piscina 1;Providencia;20000;0;;05-09-25
RES-001603;10-10-25;10-10-25;11-10-25;cancelada;18193118-3;Luis Contreras;SI;Cabaa 19;Providencia;120000;0;;05-10-25
RES-001604;11-01-25;11-01-25;13-01-25;cancelada;19052661-5;Maria Gonzalez;NO;Cabaa 14;Providencia;240000;0;;06-01-25
RES-001605;04-12-25;04-12-25;11-12-25;reservada;15838325-K;Maria;SI;Cabaa 3;La Florida;840000;0;;04-12-25
RES-001606;16-07-25;16-07-25;19-07-25;cancelada;18053720-1;Ana Silva;SI;Cabaa 20;Providencia;360000;0;;13-07-25
RES-001607;04-07-25;04-07-25;08-07-25;ejecutada;20086756-4;Maria Gonzalez;NO;Cabaa 9;Santa Cruz;480000;480000;transferencia;01-07-25
RES-001608;15-03-25;15-03-25;16-03-25;reservada;15083988-2;Juan Perez;NO;Cabaa 19;Santiago Centro;120000;0;;10-03-25
RES-001609;20-07-25;20-07-25 19:00;20-07-25 20:00;reservada;13650113-5;Pedro Rojas;NO;Salon Eventos 1;La Florida;100000;0;;20-07-25
RES-001610;20-06-25;20-06-25 20:00;20-06-25 21:00;reservada;17654518-6;Luis Contreras;SI;Cancha Basquetbol Techada;Santa Cruz;35000;0;;20-06-25
RES-001611;17-01-25;17-01-25;23-01-25;ejecutada;6512346-0;Maria Gonzalez;SI;Cabaa 4;Santa Cruz;720000;720000;transferencia;13-01-25
RES-001612;19-10-25;19-10-25;23-10-25;cancelada;14651959-8;Maria Gonzalez;NO;Cabaa 16;Santa Cruz;480000;0;;19-10-25
RES-001613;11-02-25;11-02-25 12:00;11-02-25 13:00;ejecutada;10934689-6;Pedro Rojas;NO;Salon Eventos 3;La Florida;100000;100000;tarjeta;11-02-25
RES-001614;13-05-26;15-05-26 15:30;15-05-26 16:30;reservada;13015768-8;Pedro Rojas;SI;Restaurant 1;Providencia;30000;0;transferencia;02-11-25
RES-001615;03-05-25;03-05-25;12-05-25;ejecutada;19599688-1;Juan Perez;SI;Cabaa 5;Providencia;1080000;1080000;transferencia;03-05-25
RES-001616;05-03-25;05-03-25;06-03-25;ejecutada;7715981-9;Luis Contreras;SI;Cabaa 18;La Florida;120000;120000;transferencia;03-03-25
RES-001617;03-12-25;03-12-25;07-12-25;ejecutada;14952228-K;Juan Perez;SI;Cabaa 7;La Florida;480000;480000;efectivo;28-11-25
RES-001618;13-07-25;13-07-25 20:00;13-07-25 21:00;ejecutada;16887747-1;Luis;SI;Cancha Padel Aire Libre;La Florida;25000;25000;transferencia;12-07-25
RES-001619;09-06-25;09-06-25;10-06-25;reservada;23811418-7;Maria Gonzalez;NO;Cabaa 13;Santa Cruz;120000;0;;07-06-25
RES-001620;13-11-25;13-11-25;15-11-25;ejecutada;16012079-7;Ana Silva;NO;Cabaa 7;Providencia;240000;240000;transferencia;11-11-25
RES-001621;05-10-25;05-10-25;06-10-25;reservada;20997181-K;Juan Perez;NO;Cabaa 20;Santiago Centro;120000;0;;30-09-25
RES-001622;19-03-25;19-03-25 19:00;19-03-25 20:00;reservada;5204506-1;Ana Silva;NO;Piscina 1;Providencia;20000;0;;16-03-25
RES-001623;06-06-25;06-06-25 11:00;06-06-25 12:00;cancelada;13203913-5;Maria Gonzalez;SI;Restaurant 1;La Florida;30000;0;;01-06-25
RES-001624;27-07-26;29-07-26 12:30;08-08-26 12:30;reservada;12469531-7;Pedro Rojas;SI;Cabaa 6;Providencia;1200000;0;;15-05-25
RES-001625;14-04-25;14-04-25 09:00;14-04-25 10:00;cancelada;15040048-1;Juan Perez;NO;Cancha Padel Aire Libre;Santa Cruz;25000;0;;13-04-25
RES-001626;02-07-25;02-07-25;08-07-25;ejecutada;20470612-3;Ana Silva;NO;Cabaa 1;Santiago Centro;720000;720000;tarjeta;02-07-25
RES-001627;17-06-25;17-06-25;19-06-25;reservada;15762862-3;Pedro Rojas;SI;Cabaa 15;Santiago Centro;240000;0;;12-06-25
RES-001628;12-06-25;12-06-25 21:00;12-06-25 22:00;reservada;19489863-0;Ana Silva;NO;Salon Eventos 4;La Florida;100000;0;;07-06-25
RES-001629;06-11-25;06-11-25;15-11-25;cancelada;11862631-1;Ana Silva;NO;Cabaa 7;Santa Cruz;1080000;0;;04-11-25
RES-001630;04-03-25;04-03-25;13-03-25;ejecutada;17275270-5;Pedro Rojas;SI;Cabaa 16;Santa Cruz;1080000;1080000;transferencia;04-03-25
RES-001631;14-11-25;14-11-25 18:00;14-11-25 19:00;cancelada;22885927-3;Luis Contreras;SI;Piscina 2;La Florida;20000;0;;12-11-25
RES-001632;19-01-25;19-01-25;24-01-25;reservada;10464361-2;Luis Contreras;SI;Cabaa 12;Santiago Centro;600000;0;;16-01-25
RES-001633;14-03-25;14-03-25;19-03-25;cancelada;15677425-1;Luis Contreras;NO;Cabaa 20;Providencia;600000;0;;13-03-25
RES-001634;05-03-25;05-03-25;09-03-25;cancelada;11640203-3;Luis Contreras;SI;Cabaa 7;Santiago Centro;480000;0;;02-03-25
RES-001635;16-05-25;16-05-25;20-05-25;cancelada;21743846-2;Pedro Rojas;SI;Cabaa 5;Santa Cruz;480000;0;;11-05-25
RES-001636;04-02-25;04-02-25;05-02-25;ejecutada;14379507-1;Juan Perez;SI;Cabaa 9;Santiago Centro;120000;120000;efectivo;30-01-25
RES-001637;11-06-25;11-06-25;20-06-25;reservada;6858349-7;Luis Contreras;NO;Cabaa 3;Santa Cruz;1080000;0;;06-06-25
RES-001638;01-03-25;01-03-25 09:00;01-03-25 10:00;reservada;15878471-8;Maria Gonzalez;NO;Cancha Tenis Aire Libre;Santa Cruz;25000;0;;28-02-25
RES-001639;12-12-25;12-12-25 18:00;12-12-25 19:00;cancelada;13083215-6;Pedro Rojas;NO;Cancha Futbolito Aire Libre;Santiago Centro;25000;0;;09-12-25
RES-001640;05-10-25;05-10-25 19:00;05-10-25 20:00;cancelada;22110547-8;Maria Gonzalez;SI;Cancha Padel Aire Libre;Santiago Centro;25000;0;;01-10-25
RES-001641;19-08-25;19-08-25 13:00;19-08-25 14:00;cancelada;9203394-5;Luis Contreras;SI;Cancha Basquetbol Techada;Providencia;35000;0;;15-08-25
RES-001642;09-09-25;09-09-25 18:00;09-09-25 19:00;reservada;12578522-0;Ana Silva;NO;Salon Eventos 4;Providencia;100000;0;;07-09-25
RES-001643;18-09-25;18-09-25;28-09-25;cancelada;24635453-7;Juan Perez;SI;Cabaa 14;La Florida;1200000;0;;17-09-25
RES-001644;19-02-25;19-02-25 12:00;19-02-25 13:00;reservada;23939824-3;Juan Perez;NO;Salon Eventos 2;Santa Cruz;100000;0;;17-02-25
RES-001645;10/10/;10-02-25;16-02-25;ejecutada;9183641-6;Maria Gonzalez;NO;Cabaa 1 X;Santiago Centro;720000;720000;tarjeta;07-02-25
RES-001646;20-02-25;20-02-25;21-02-25;reservada;7130867-7;Luis Contreras;NO;Cabaa 1;Providencia;120000;0;;16-02-25
RES-001647;17-09-25;17-09-25 16:00;17-09-25 17:00;cancelada;24967582-2;Maria;SI;Cancha Padel Techada;Santa Cruz;35000;0;;15-09-25
RES-001648;09-03-25;09-03-25 20:00;09-03-25 21:00;ejecutada;10578107-5;Luis Contreras;SI;Cancha Padel Techada;Santiago Centro;35000;35000;transferencia;08-03-25
RES-001649;20-03-25;20-03-25;27-03-25;cancelada;21231316-5;Maria Gonzalez;NO;Cabaa 5;Providencia;840000;0;;17-03-25
RES-001650;09-11-25;09-11-25 20:00;09-11-25 21:00;cancelada;22075434-0;Ana Silva;SI;Cancha Futbolito Techada;Providencia;35000;0;;04-11-25
RES-001651;18-07-25;18-07-25 15:00;18-07-25 16:00;reservada;19652678-1;Juan Perez;NO;Cancha Tenis Aire Libre;Santiago Centro;25000;0;;16-07-25
RES-001652;16-09-25;16-09-25;17-09-25;cancelada;21882154-5;Maria Gonzalez;NO;Cabaa 3;La Florida;120000;0;;13-09-25
RES-001653;08-02-25;08-02-25;17-02-25;ejecutada;24826693-7;Luis Contreras;NO;Cabaa 10;La Florida;1080000;1080000;efectivo;04-02-25
RES-001654;11-09-25;11-09-25 10:00;11-09-25 11:00;cancelada;19484029-2;Luis Contreras;SI;Cancha Tenis Aire Libre;Providencia;25000;0;;06-09-25
RES-001655;18-06-25;18-06-25 09:00;18-06-25 10:00;ejecutada;19484029-2;Luis Contreras;SI;Cancha Basquetbol Aire Libre;La Florida;25000;25000;transferencia;15-06-25
RES-001656;02-04-25;02-04-25;10-04-25;reservada;9203394-5;Luis Contreras;SI;Cabaa 18;La Florida;960000;0;;29-03-25
RES-001657;17-09-25;17-09-25 20:00;17-09-25 21:00;cancelada;24765561-1;Juan Perez;NO;Salon Eventos 4;Providencia;100000;0;;13-09-25
RES-001658;18-07-25;18-07-25;27-07-25;reservada;15440317-5;Ana Silva;SI;Cabaa 3;Providencia;1080000;0;;18-07-25
RES-001659;05-02-25;05-02-25;14-02-25;reservada;11727551-5;Maria Gonzalez;SI;Cabaa 16;La Florida;1080000;0;;04-02-25
RES-001660;03-08-25;03-08-25;10-08-25;reservada;20928234-8;Pedro Rojas;SI;Cabaa 19;Santa Cruz;840000;0;;29-07-25
RES-001661;15-04-25;15-04-25;24-04-25;ejecutada;13604604-7;Juan Perez;NO;Cabaa 19;Santiago Centro;1080000;1080000;tarjeta;13-04-25
RES-001662;10-09-25;10-09-25 10:00;10-09-25 11:00;ejecutada;21454860-7;Ana Silva;SI;Cancha Tenis Aire Libre;Santa Cruz;25000;25000;efectivo;07-09-25
RES-001663;12-12-25;12-12-25;14-12-25;reservada;16759872-2;Ana Silva;SI;Cabaa 13;Providencia;240000;0;;07-12-25
RES-001664;12-06-25;12-06-25 14:00;12-06-25 15:00;reservada;22512308-K;Pedro Rojas;SI;Cancha Tenis Techada;La Florida;35000;0;;11-06-25
RES-001665;14-04-25;14-04-25 21:00;14-04-25 22:00;ejecutada;20408365-7;Maria Gonzalez;SI;Salon Eventos 4;La Florida;100000;100000;tarjeta;10-04-25
RES-001666;03-05-25;03-05-25 20:00;03-05-25 21:00;reservada;12891005-0;Luis Contreras;SI;Salon Eventos 3;Santa Cruz;100000;0;;03-05-25
RES-001667;16-08-25;16-08-25 20:00;16-08-25 21:00;ejecutada;12730200-6;Maria Gonzalez;NO;Cancha Tenis Techada;Providencia;35000;35000;tarjeta;16-08-25
RES-001668;05-07-25;05-07-25;06-07-25;cancelada;15120266-7;Juan Perez;SI;Cabaa 4;Providencia;120000;0;;05-07-25
RES-001669;11-12-25;11-12-25 16:00;11-12-25 17:00;cancelada;11984768-0;Luis Contreras;SI;Restaurant 2;La Florida;30000;0;;10-12-25
RES-001670;20-02-25;20-02-25;24-02-25;reservada;17049622-1;Pedro Rojas;NO;Cabaa 14;Santa Cruz;480000;0;;19-02-25
RES-001671;10-08-25;10-08-25;14-08-25;cancelada;11263892-K;Luis Contreras;NO;Cabaa 19;Providencia;480000;0;;10-08-25
RES-001672;18-06-25;18-06-25 12:00;18-06-25 13:00;cancelada;16170965-4;Luis Contreras;SI;Cancha Basquetbol Aire Libre;Santiago Centro;25000;0;;13-06-25
RES-001673;10/10/;07-12-25;10-12-25;reservada;11738535-3;Maria Gonzalez;SI;Cabaa 6;Santiago Centro;360000;0;;04-12-25
RES-001674;14-08-25;14-08-25;20-08-25;cancelada;18971062-3;Juan Perez;NO;Cabaa 20;La Florida;720000;0;;13-08-25
RES-001675;19-01-25;19-01-25 20:00;19-01-25 21:00;reservada;18329134-3;Pedro Rojas;NO;Cancha Padel Aire Libre;Santiago Centro;25000;0;;14-01-25
RES-001676;08-01-25;08-01-25 15:00;08-01-25 16:00;reservada;16276138-2;Ana Silva;SI;Piscina 1;La Florida;20000;0;;05-01-25
RES-001677;20-01-25;20-01-25;28-01-25;ejecutada;6436217-8;Pedro;SI;Cabaa 19;Santa Cruz;960000;960000;tarjeta;17-01-25
RES-001678;01-07-25;01-07-25;08-07-25;reservada;18193118-3;Luis Contreras;NO;Cabaa 16;Santa Cruz;840000;0;;27-06-25
RES-001679;01-11-25;31/02/25;11-11-25;ejecutada;15035367-0;Maria Gonzalez;SI;Cabaa 19;Santiago Centro;1200000;1200000;efectivo;28-10-25
RES-001680;05-11-25;05-11-25 17:00;05-11-25 18:00;ejecutada;13953163-9;Juan Perez;NO;Cancha Basquetbol Techada;Providencia;35000;35000;efectivo;04-11-25
RES-001681;12-09-25;12-09-25;20-09-25;ejecutada;7686256-7;Luis Contreras;SI;Cabaa 17;Santiago Centro;960000;960000;efectivo;11-09-25
RES-001682;04-08-25;04-08-25;12-08-25;ejecutada;24826693-7;Luis Contreras;NO;Cabaa 9;Santiago Centro;960000;960000;efectivo;31-07-25
RES-001683;19-09-25;19-09-25 10:00;19-09-25 11:00;cancelada;22381571-5;Juan Perez;SI;Restaurant 2;La Florida;30000;0;;14-09-25
RES-001684;14-06-25;14-06-25;22-06-25;cancelada;16487089-8;Ana Silva;SI;Cabaa 8;Santiago Centro;960000;0;;09-06-25
RES-001685;07-09-25;07-09-25;15-09-25;ejecutada;10578107-5;Luis Contreras;NO;Cabaa 19;Santa Cruz;960000;960000;efectivo;06-09-25
RES-001686;10-07-25;10-07-25;abc/12/25;reservada;16214968-0;Luis Contreras;NO;Cabaa 3;Santa Cruz;840000;0;;07-07-25
RES-001687;06-03-25;06-03-25;16-03-25;reservada;16564154-K;Juan Perez;SI;Cabaa 16;La Florida;1200000;0;;05-03-25
RES-001688;01-05-25;01-05-25;08-05-25;ejecutada;10949220-5;Maria Gonzalez;SI;Cabaa 9;Providencia;840000;840000;transferencia;29-04-25
RES-001689;16-08-25;16-08-25 10:00;16-08-25 11:00;ejecutada;11247006-9;Luis Contreras;NO;Cancha Tenis Aire Libre;La Florida;25000;25000;efectivo;13-08-25
RES-001690;18-11-25;18-11-25;25-11-25;ejecutada;24693299-9;Pedro Rojas;SI;Cabaa 1;Santa Cruz;840000;840000;tarjeta;18-11-25
RES-001691;20-09-25;20-09-25;26-09-25;ejecutada;20548964-9;Maria Gonzalez;SI;Cabaa 14;Providencia;720000;720000;transferencia;20-09-25
RES-001692;05-06-25;05-06-25;15-06-25;cancelada;9226402-5;Ana Silva;SI;Cabaa 13;La Florida;1200000;0;;31-05-25
RES-001693;20-06-25;20-06-25;22-06-25;cancelada;24639890-9;Luis Contreras;NO;Cabaa 2;Santa Cruz;240000;0;;20-06-25
RES-001694;12-09-25;12-09-25;22-09-25;cancelada;12674136-7;Pedro Rojas;SI;Cabaa 12;Santa Cruz;1200000;0;;07-09-25
RES-001695;17-04-25;17-04-25;27-04-25;ejecutada;6884770-2;Luis Contreras;SI;Cabaa 4;Santiago Centro;1200000;1200000;efectivo;15-04-25
RES-001696;02-12-25;02-12-25;07-12-25;cancelada;16987649-5;Maria Gonzalez;SI;Cabaa 4;Santiago Centro;600000;0;;29-11-25
RES-001697;09-03-25;09-03-25;19-03-25;cancelada;12353825-0;Ana Silva;NO;Cabaa 13;Santa Cruz;1200000;0;;07-03-25
RES-001698;20-02-25;20-02-25 16:00;20-02-25 17:00;cancelada;7206185-3;Luis Contreras;NO;Cancha Basquetbol Techada;Providencia;35000;0;;17-02-25
RES-001699;15-09-25;15-09-25 22:00;15-09-25 23:00;reservada;19489863-0;Ana Silva;SI;Cancha Futbolito Techada;La Florida;35000;0;;14-09-25
RES-001700;20-07-25;20-07-25;30-07-25;cancelada;24402541-2;Luis Contreras;SI;Cabaa 18;Providencia;1200000;0;;20-07-25
RES-001701;12-07-25;12-07-25;12-07-25 13:00;ejecutada;13897062-4;Maria Gonzalez;NO;Cancha Futbolito Techada;Providencia;35000;35000;efectivo;07-07-25
RES-001702;11-01-25;11-01-25;13-01-25;ejecutada;13065663-3;Luis Contreras;SI;Cabaa 6;La Florida;240000;240000;efectivo;10-01-25
RES-001703;03-09-25;03-09-25;09-09-25;ejecutada;22981153-3;Maria Gonzalez;SI;Cabaa 14;Santa Cruz;720000;720000;transferencia;03-09-25
RES-001704;11-01-25;11-01-25 08:00;11-01-25 09:00;ejecutada;18154120-2;Maria Gonzalez;NO;Piscina 2;Santiago Centro;20000;20000;transferencia;08-01-25
RES-001705;03-10-25;03-10-25 09:00;03-10-25 10:00;cancelada;7101185-2;Pedro Rojas;SI;Cancha Basquetbol Aire Libre;Providencia;25000;0;;29-09-25
RES-001706;08-09-25;08-09-25;17-09-25;ejecutada;7997541-9;Ana Silva;NO;Cabaa 3;La Florida;1080000;1080000;transferencia;05-09-25
RES-001707;15-03-25;15-03-25;18-03-25;reservada;20470612-3;Ana Silva;NO;Cabaa 6;Santiago Centro;360000;0;;14-03-25
RES-001708;08-10-25;08-10-25 14:00;08-10-25 15:00;cancelada;18467664-8;Pedro Rojas;NO;Cancha Tenis Aire Libre;Providencia;25000;0;;05-10-25
RES-001709;11-06-25;11-06-25;17-06-25;ejecutada;5590602-5;Juan Perez;SI;Cabaa 6;Providencia;720000;720000;tarjeta;07-06-25
RES-001710;05-09-25;05-09-25;10-09-25;ejecutada;14150365-0;Juan Perez;NO;Cabaa 13;Providencia;600000;600000;tarjeta;01-09-25
RES-001711;05-09-25;05-09-25 12:00;05-09-25 13:00;ejecutada;13006129-K;Pedro Rojas;SI;Restaurant 1;La Florida;30000;30000;tarjeta;01-09-25
RES-001712;09-01-25;09-01-25 20:00;09-01-25 21:00;reservada;16012079-7;Ana Silva;NO;Cancha Padel Aire Libre;Providencia;25000;0;;06-01-25
RES-001713;11-12-25;11-12-25;16-12-25;reservada;24795565-8;Luis Contreras;NO;Cabaa 12;Providencia;600000;0;;06-12-25
RES-001714;07-08-25;07-08-25;16-08-25;reservada;13537633-7;Maria Gonzalez;NO;Cabaa 10;La Florida;1080000;0;;05-08-25
RES-001715;14-10-25;14-10-25 21:00;14-10-25 22:00;ejecutada;10427547-8;Ana Silva;NO;Restaurant 1;Providencia;30000;30000;transferencia;11-10-25
RES-001716;05-11-25;05-11-25 09:00;05-11-25 10:00;reservada;20408365-7;Maria Gonzalez;NO;Piscina 2;Santa Cruz;20000;0;;05-11-25
RES-001717;05-09-25;05-09-25 12:00;05-09-25 13:00;cancelada;18568061-4;Ana Silva;NO;Cancha Futbolito Techada;Providencia;35000;0;;05-09-25
RES-001718;04-08-25;04-08-25;10-08-25;cancelada;20666104-6;Juan Perez;SI;Cabaa 5;Santa Cruz;720000;0;;30-07-25
RES-001719;03-11-25;03-11-25 11:00;03-11-25 12:00;reservada;17505864-8;Maria Gonzalez;SI;Restaurant 2;Providencia;30000;0;;03-11-25
RES-001720;06-01-25;06-01-25;16-01-25;ejecutada;24693299-9;Pedro Rojas;NO;Cabaa 4;Santiago Centro;1200000;1200000;tarjeta;04-01-25
RES-001721;10-10-25;10-10-25;16-10-25;reservada;7130867-7;Luis Contreras;SI;Cabaa 19;Santa Cruz;720000;0;;10-10-25
RES-001722;20-04-25;20-04-25 16:00;20-04-25 17:00;ejecutada;22078734-6;Pedro Rojas;NO;Restaurant 2;Santa Cruz;30000;30000;efectivo;15-04-25
RES-001723;10-04-25;10-04-25 14:00;10-04-25 15:00;reservada;11177094-8;Maria Gonzalez;NO;Cancha Tenis Techada;Providencia;35000;0;;06-04-25
RES-001724;05-02-25;05-02-25;06-02-25;ejecutada;17820790-3;Juan Perez;NO;Cabaa 20;La Florida;120000;120000;transferencia;03-02-25
RES-001725;10-01-25;10-01-25;19-01-25;cancelada;13953163-9;Juan Perez;NO;Cabaa 15;Providencia;1080000;0;;06-01-25
RES-001726;11-07-25;11-07-25;21-07-25;ejecutada;22256719-K;Ana Silva;NO;Cabaa 13;Santiago Centro;1200000;1200000;transferencia;06-07-25
RES-001727;03-04-25;03-04-25;04-04-25;ejecutada;6126625-9;Maria Gonzalez;SI;Cabaa 1;La Florida;120000;120000;efectivo;30-03-25
RES-001728;03-06-25;03-06-25 10:00;03-06-25 11:00;reservada;9039992-6;Ana Silva;NO;Cancha Basquetbol Techada;Santiago Centro;35000;0;;02-06-25
RES-001729;04-10-25;04-10-25 20:00;04-10-25 21:00;ejecutada;6626889-6;Pedro;NO;Restaurant 2;La Florida;30000;30000;transferencia;01-10-25
RES-001730;10-09-25;10-09-25;13-09-25;reservada;18154120-2;Maria Gonzalez;SI;Cabaa 10;Providencia;360000;0;;05-09-25
RES-001731;09-08-25;09-08-25 21:00;09-08-25 22:00;cancelada;10527082-8;Ana Silva;SI;Salon Eventos 2;Santa Cruz;100000;0;;06-08-25
RES-001732;02-04-25;02-04-25;04-04-25;cancelada;17623443-1;Maria Gonzalez;SI;Cabaa 12;Santiago Centro;240000;0;;01-04-25
RES-001733;17-02-25;17-02-25;21-02-25;cancelada;21912374-4;Pedro Rojas;SI;Cabaa 6;La Florida;480000;0;;13-02-25
RES-001734;13-05-25;13-05-25 16:00;13-05-25 17:00;cancelada;14252158-K;Luis Contreras;NO;Cancha Padel Techada;Providencia;35000;0;;11-05-25
RES-001735;12-05-25;12-05-25;14-05-25;cancelada;10645717-4;Pedro Rojas;NO;Cabaa 4;Providencia;240000;0;;09-05-25
RES-001736;17-02-25;17-02-25 11:00;17-02-25 12:00;ejecutada;5373421-9;Luis Contreras;NO;Salon Eventos 4;Santa Cruz;100000;100000;transferencia;16-02-25
RES-001737;10-12-25;10-12-25;17-12-25;cancelada;15677425-1;Luis Contreras;NO;Cabaa 8;Santa Cruz;840000;0;;05-12-25
RES-001738;18-08-25;18-08-25 10:00;18-08-25 11:00;cancelada;13734270-7;Luis Contreras;SI;Salon Eventos 3;Santa Cruz;100000;0;;13-08-25
RES-001739;20-05-25;20-05-25 13:00;20-05-25 14:00;reservada;19937737-K;Luis Contreras;NO;Salon Eventos 3;Santa Cruz;100000;0;;19-05-25
RES-001740;05-04-25;05-04-25 22:00;05-04-25 23:00;cancelada;16972312-5;Juan Perez;NO;Salon Eventos 1 X;Santiago Centro;100000;0;;31-03-25
RES-001741;16-06-25;16-06-25;24-06-25;ejecutada;21525938-2;Ana Silva;NO;Cabaa 10;Santa Cruz;960000;960000;transferencia;11-06-25
RES-001742;03-02-25;03-02-25;13-02-25;cancelada;7544276-9;Maria Gonzalez;SI;Cabaa 8;Santa Cruz;1200000;0;;29-01-25
RES-001743;19-09-25;19-09-25;22-09-25;reservada;8488042-6;Juan Perez;NO;Cabaa 9;La Florida;360000;0;;19-09-25
RES-001744;18-06-25;18-06-25 13:00;18-06-25 14:00;cancelada;23876696-6;Luis Contreras;NO;Cancha Padel Aire Libre;La Florida;25000;0;;13-06-25
RES-001745;11-07-25;11-07-25 15:00;11-07-25 16:00;reservada;13897062-0;Maria Gonzalez;NO;Piscina 1;La Florida;20000;0;;06-07-25
RES-001746;10-09-25;10-09-25;19-09-25;reservada;17506787-6;Pedro Rojas;NO;Cabaa 7;Santiago Centro;1080000;0;;05-09-25
RES-001747;15-09-25;15-09-25 09:00;15-09-25 10:00;reservada;14254375-3;Pedro;NO;Salon Eventos 2;Santa Cruz;100000;0;;15-09-25
RES-001748;01-10-25;01-10-25 11:00;01-10-25 12:00;cancelada;14756759-6;Juan Perez;NO;Salon Eventos 1;Santa Cruz;100000;0;;01-10-25
RES-001749;13-03-25;13-03-25;23-03-25;cancelada;21554696-3;Maria Gonzalez;NO;Cabaa 14;Santiago Centro;1200000;0;;08-03-25
RES-001750;15-04-25;15-04-25 17:00;15-04-25 18:00;reservada;24967582-2;Maria Gonzalez;SI;Cancha Padel Aire Libre;Providencia;25000;0;;12-04-25
RES-001751;19-11-25;19-11-25 22:00;19-11-25 23:00;reservada;22329198-8;Luis Contreras;NO;Piscina 1;Santiago Centro;20000;0;;17-11-25
RES-001752;05-12-25;05-12-25 13:00;05-12-25 14:00;cancelada;23369020-1;Ana Silva;NO;Salon Eventos 3;Providencia;100000;0;;01-12-25
RES-001753;12-02-25;12-02-25;17-02-25;cancelada;22746919-6;Maria Gonzalez;SI;Cabaa 1;Santiago Centro;600000;0;;11-02-25
RES-001754;03-05-25;03-05-25;07-05-25;reservada;14379495-4;Luis Contreras;NO;Cabaa 10;Santa Cruz;480000;0;;03-05-25
RES-001755;15-08-25;15-08-25 13:00;15-08-25 14:00;reservada;24967582-2;Maria Gonzalez;SI;Restaurant 1;La Florida;30000;0;;14-08-25
RES-001756;04-01-25;04-01-25;09-01-25;ejecutada;13006208-3;Luis Contreras;SI;Cabaa 1;Providencia;600000;600000;efectivo;04-01-25
RES-001757;09-11-25;09-11-25 10:00;09-11-25 11:00;cancelada;18616868-2;Luis Contreras;SI;Cancha Padel Techada;La Florida;35000;0;;07-11-25
RES-001758;11-11-25;11-11-25;19-11-25;ejecutada;15120266-7;Juan Perez;SI;Cabaa 13;Providencia;960000;960000;transferencia;06-11-25
RES-001759;07-08-25;07-08-25 11:00;07-08-25 12:00;ejecutada;18605052-5;Ana;SI;Piscina 2;Providencia;20000;20000;efectivo;02-08-25
RES-001760;16-03-25;16-03-25 17:00;16-03-25 18:00;ejecutada;21863652-7;Luis Contreras;NO;Cancha Basquetbol Techada;La Florida;35000;35000;tarjeta;13-03-25
RES-001761;01-02-25;01-02-25;05-02-25;reservada;8084042-K;Maria Gonzalez;SI;Cabaa 9;Santa Cruz;480000;0;;31-01-25
RES-001762;05-07-25;05-07-25 22:00;05-07-25 23:00;reservada;9269949-8;Ana Silva;NO;Salon Eventos 4;Santa Cruz;100000;0;;01-07-25
RES-001763;07-12-25;07-12-25;13-12-25;ejecutada;19142269-4;Pedro Rojas;SI;Cabaa 20;Santiago Centro;720000;720000;efectivo;04-12-25
RES-001764;10-01-25;10-01-25;18-01-25;ejecutada;5350796-4;Luis Contreras;SI;Cabaa 5;Santiago Centro;960000;960000;transferencia;07-01-25
RES-001765;04-11-25;04-11-25;07-11-25;ejecutada;19048151-4;Ana Silva;NO;Cabaa 17;Santiago Centro;360000;360000;transferencia;04-11-25
RES-001766;02-08-25;02-08-25 20:00;02-08-25 21:00;ejecutada;15115625-8;Juan Perez;SI;Cancha Basquetbol Aire Libre;Santiago Centro;25000;25000;transferencia;31-07-25
RES-001767;05-12-25;05-12-25;12-12-25;reservada;12756727-1;Luis Contreras;SI;Cabaa 10;Santiago Centro;840000;0;;01-12-25
RES-001768;10-09-25;10-09-25 10:00;10-09-25 11:00;ejecutada;17213598-6;Pedro Rojas;SI;Salon Eventos 4;Santa Cruz;100000;100000;transferencia;07-09-25
RES-001769;09-11-25;09-11-25;15-11-25;ejecutada;10578107-5;Luis Contreras;NO;Cabaa 10;La Florida;720000;720000;transferencia;07-11-25
RES-001770;05-09-25;05-09-25 14:00;05-09-25 15:00;cancelada;19576306-2;Luis Contreras;NO;Cancha Tenis Techada;Santa Cruz;35000;0;;03-09-25
RES-001771;06-06-25;06-06-25;15-06-25;cancelada;16114575-0;Luis Contreras;SI;Cabaa 14;Providencia;1080000;0;;03-06-25
RES-001772;06-03-25;06-03-25;06-03-25 09:00;ejecutada;19484029-2;Luis Contreras;SI;Restaurant 1;Santa Cruz;30000;30000;transferencia;05-03-25
RES-001773;20-07-25;20-07-25 19:00;20-07-25 20:00;ejecutada;19104958-6;Pedro Rojas;SI;Cancha Padel Techada;Providencia;35000;35000;efectivo;20-07-25
RES-001774;10-08-25;10-08-25;15-08-25;ejecutada;15790934-7;Maria Gonzalez;SI;Cabaa 14;Santiago Centro;600000;600000;transferencia;10-08-25
RES-001775;14-02-25;14-02-25 22:00;14-02-25 23:00;cancelada;14252158-K;Luis Contreras;SI;Cancha Padel Aire Libre;Santa Cruz;25000;0;;14-02-25
RES-001776;11-05-25;11-05-25 22:00;11-05-25 23:00;reservada;16657576-1;Luis Contreras;NO;Cancha Basquetbol Techada;Santiago Centro;35000;0;;09-05-25
RES-001777;14-12-25;14-12-25;24-12-25;cancelada;23451242-0;Juan Perez;NO;Cabaa 17;La Florida;1200000;0;;11-12-25
RES-001778;17-11-25;17-11-25 16:00;17-11-25 17:00;cancelada;13203913-5;Maria Gonzalez;SI;Salon Eventos 1;Santa Cruz;100000;0;;15-11-25
RES-001779;18-07-25;18-07-25 10:00;18-07-25 11:00;cancelada;16949045-7;Luis Contreras;NO;Cancha Basquetbol Techada;Santiago Centro;35000;0;;15-07-25
RES-001780;19-09-25;19-09-25;27-09-25;ejecutada;6858349-7;Luis Contreras;NO;Cabaa 6;La Florida;960000;960000;tarjeta;14-09-25
RES-001781;15-02-25;15-02-25 13:00;15-02-25 14:00;cancelada;21852963-1;Luis Contreras;SI;Restaurant 2;Santa Cruz;30000;0;;11-02-25
RES-001782;12-07-25;12-07-25 16:00;12-07-25 17:00;reservada;16759872-2;Ana Silva;SI;Salon Eventos 2;Providencia;100000;0;;08-07-25
RES-001783;08-01-25;08-01-25 08:00;08-01-25 09:00;ejecutada;14379507-1;Juan Perez;NO;Salon Eventos 3;Santa Cruz;100000;100000;tarjeta;03-01-25
RES-001784;16-08-25;16-08-25 09:00;16-08-25 10:00;cancelada;17786278-9;Juan Perez;NO;Salon Eventos 1;Santiago Centro;100000;0;;13-08-25
RES-001785;07-06-25;07-06-25;11-06-25;ejecutada;7884115-K;Luis Contreras;NO;Cabaa 7;Providencia;480000;480000;transferencia;06-06-25
RES-001786;06-04-25;06-04-25 21:00;06-04-25 22:00;ejecutada;22378728-2;Maria Gonzalez;SI;Cancha Futbolito Aire Libre;Santa Cruz;25000;25000;tarjeta;06-04-25
RES-001787;20-09-25;20-09-25;24-09-25;reservada;15083988-2;Juan Perez;NO;Cabaa 14;Santiago Centro;480000;0;;20-09-25
RES-001788;14-08-25;14-08-25 21:00;14-08-25 22:00;cancelada;19048151-4;Ana Silva;SI;Piscina 2;La Florida;20000;0;;14-08-25
RES-001789;05-01-25;05-01-25;12-01-25;ejecutada;11374837-0;Maria Gonzalez;SI;Cabaa 18;La Florida;840000;840000;tarjeta;05-01-25
RES-001790;05-02-25;05-02-25 09:00;05-02-25 10:00;ejecutada;7544276-9;Maria Gonzalez;NO;Salon Eventos 2;La Florida;100000;100000;tarjeta;05-02-25
RES-001791;04-09-25;04-09-25;08-09-25;reservada;18692916-0;Ana Silva;SI;Cabaa 12;Santiago Centro;480000;0;;04-09-25
RES-001792;14-05-25;14-05-25 17:00;14-05-25 18:00;cancelada;13147810-0;Pedro Rojas;NO;Salon Eventos 1;Santiago Centro;100000;0;;11-05-25
RES-001793;01-02-25;01-02-25;02-02-25;cancelada;6807678-1;Pedro Rojas;SI;Cabaa 15;Santa Cruz;120000;0;;29-01-25
RES-001794;16-03-25;16-03-25;23-03-25;reservada;8282741-2;Juan Perez;NO;Cabaa 18;Santa Cruz;840000;0;;11-03-25
RES-001795;14-09-25;14-09-25;19-09-25;cancelada;11316654-1;Luis Contreras;NO;Cabaa 19;Santiago Centro;600000;0;;12-09-25
RES-001796;11-05-25;11-05-25;17-05-25;cancelada;13397853-4;Juan Perez;NO;Cabaa 7;Santa Cruz;720000;0;;09-05-25
RES-001797;08-06-25;08-06-25 17:00;08-06-25 18:00;ejecutada;22156789-7;Luis Contreras;SI;Cancha Basquetbol Techada;Santa Cruz;35000;35000;transferencia;08-06-25
RES-001798;18-09-25;18-09-25 20:00;18-09-25 21:00;ejecutada;5149595-0;Maria Gonzalez;SI;Cancha Basquetbol Aire Libre X;La Florida;25000;25000;transferencia;14-09-25
RES-001799;14-10-25;14-10-25;17-10-25;reservada;13650113-5;Pedro Rojas;NO;Cabaa 3;Providencia;360000;0;;10-10-25
RES-001800;12-08-25;12-08-25;22-08-25;reservada;24826693-7;Luis Contreras;SI;Cabaa 20;Providencia;1200000;0;;07-08-25
RES-001801;12-06-25;12-06-25 08:00;12-06-25 09:00;ejecutada;14379495-4;Luis Contreras;SI;Cancha Futbolito Aire Libre;Santa Cruz;25000;25000;efectivo;08-06-25
RES-001802;09-12-25;09-12-25 12:00;09-12-25 13:00;reservada;24402541-2;Luis Contreras;NO;Cancha Padel Techada;La Florida;35000;0;;04-12-25
RES-001803;19-07-25;19-07-25 14:00;19-07-25 15:00;ejecutada;21525938-2;Ana Silva;SI;Cancha Padel Aire Libre;Santiago Centro;25000;25000;efectivo;18-07-25
RES-001804;02-10-25;02-10-25;09-10-25;ejecutada;19197001-2;Ana Silva;SI;Cabaa 20;Santa Cruz;840000;840000;transferencia;01-10-25
RES-001805;05-06-25;05-06-25 16:00;05-06-25 17:00;reservada;19211618-K;Luis Contreras;SI;Piscina 2;La Florida;20000;0;;05-06-25
RES-001806;12-04-25;12-04-25;15-04-25;ejecutada;17186404-6;Ana Silva;NO;Cabaa 7;Santa Cruz;360000;360000;efectivo;09-04-25
RES-001807;11-06-25;11-06-25 13:00;11-06-25 14:00;cancelada;12651989-3;Luis Contreras;NO;Salon Eventos 4;Providencia;100000;0;;10-06-25
RES-001808;12-07-25;12-07-25;19-07-25;reservada;20713143-1;Luis Contreras;NO;Cabaa 2;Santiago Centro;840000;0;;08-07-25
RES-001809;14-01-25;14-01-25 19:00;14-01-25 20:00;cancelada;24256806-0;Pedro Rojas;NO;Cancha Basquetbol Aire Libre;Santa Cruz;25000;0;;13-01-25
RES-001810;17-03-25;17-03-25;25-03-25;cancelada;22361904-5;Maria Gonzalez;NO;Cabaa 13;Santiago Centro;960000;0;;16-03-25
RES-001811;02-04-25;02-04-25 18:00;02-04-25 19:00;ejecutada;18154120-2;Maria;NO;Cancha Futbolito Techada;Providencia;35000;35000;efectivo;30-03-25
RES-001812;03-07-25;03-07-25;05-07-25;cancelada;16288155-7;Ana Silva;NO;Cabaa 1;Santa Cruz;240000;0;;02-07-25
RES-001813;16-11-25;16-11-25;15//25;cancelada;7607462-2;Pedro Rojas;NO;Cabaa 20;Providencia;840000;0;;13-11-25
RES-001814;07-08-25;07-08-25;09-08-25;reservada;17606228-2;Juan Perez;NO;Cabaa 5;Santa Cruz;240000;0;;03-08-25
RES-001815;13-05-25;13-05-25 15:00;13-05-25 16:00;cancelada;24138079-3;Juan Perez;NO;Cancha Futbolito Aire Libre;Santa Cruz;25000;0;;10-05-25
RES-001816;10-11-25;10-11-25 21:00;10-11-25 22:00;ejecutada;21554696-9;Maria Gonzalez;SI;Restaurant 2;Santa Cruz;30000;30000;tarjeta;07-11-25
RES-001817;05-04-25;05-04-25 15:00;05-04-25 16:00;cancelada;10613264-K;Ana Silva;SI;Piscina 2;Santa Cruz;20000;0;;01-04-25
RES-001818;09-05-25;09-05-25;14-05-25;cancelada;15115625-8;Juan Perez;NO;Cabaa 14;Santiago Centro;600000;0;;06-05-25
RES-001819;20-05-25;20-05-25 14:00;20-05-25 15:00;cancelada;23457711-5;Luis Contreras;NO;Cancha Tenis Aire Libre;Santiago Centro;25000;0;;17-05-25
RES-001820;10-05-25;10-05-25;15//25;cancelada;13015768-2;Pedro Rojas;NO;Cabaa 3;Providencia;120000;0;;05-05-25
RES-001821;09-08-25;09-08-25 15:00;09-08-25 16:00;ejecutada;24693299-9;Pedro Rojas;NO;Cancha Futbolito Techada;Santiago Centro;35000;35000;efectivo;04-08-25
RES-001822;07-09-25;07-09-25 14:00;07-09-25 15:00;reservada;16107528-0;Juan Perez;NO;Salon Eventos 1 X;La Florida;100000;0;;04-09-25
RES-001823;14-04-25;14-04-25;17-04-25;ejecutada;9980250-2;Luis Contreras;SI;Cabaa 17 X;Providencia;360000;360000;tarjeta;13-04-25
RES-001824;02-01-25;02-01-25;06-01-25;cancelada;16968310-7;Luis Contreras;NO;Cabaa 15;La Florida;480000;0;;28-12-24
RES-001825;02-11-25;02-11-25;09-11-25;cancelada;15338995-0;Ana Silva;NO;Cabaa 5;Providencia;840000;0;;28-10-25
RES-001826;31/02/25;20-07-25;27-07-25;ejecutada;22287381-9;Ana Silva;NO;Cabaa 12 X;La Florida;840000;840000;efectivo;15-07-25
RES-001827;06-04-25;06-04-25 19:00;06-04-25 20:00;ejecutada;23731597-9;Juan Perez;SI;Restaurant 1;Santiago Centro;30000;30000;efectivo;04-04-25
RES-001828;12-02-25;12-02-25;19-02-25;reservada;18565989-5;Luis Contreras;NO;Cabaa 11;Providencia;840000;0;;09-02-25
RES-001829;14-12-25;14-12-25;15-12-25;reservada;22078734-6;Pedro Rojas;NO;Cabaa 13;La Florida;120000;0;;14-12-25
RES-001830;05-12-25;05-12-25;10-12-25;cancelada;13014055-6;Maria;SI;Cabaa 2;La Florida;600000;0;;02-12-25
RES-001831;14-05-25;14-05-25 19:00;14-05-25 20:00;reservada;11086191-5;Ana Silva;SI;Cancha Basquetbol Aire Libre;Providencia;25000;0;;10-05-25
RES-001832;19-12-25;19-12-25;22-12-25;cancelada;7130867-7;Luis Contreras;NO;Cabaa 18;La Florida;360000;0;;15-12-25
RES-001833;06-07-25;15-06-25;11-07-25;ejecutada;13147810-0;Pedro Rojas;SI;Cabaa 18;Providencia;600000;600000;tarjeta;03-07-25
RES-001834;20-03-25;20-03-25;24-03-25;reservada;7735551-0;Ana Silva;SI;Cabaa 8;La Florida;480000;0;;16-03-25
RES-001835;12-01-25;12-01-25;21-01-25;ejecutada;23811418-7;Maria Gonzalez;SI;Cabaa 5;Santiago Centro;1080000;1080000;transferencia;07-01-25
RES-001836;10-08-25;10-08-25 17:00;10-08-25 18:00;ejecutada;16987649-5;Maria Gonzalez;NO;Cancha Padel Aire Libre;Providencia;25000;25000;efectivo;08-08-25
RES-001837;19-06-25;19-06-25 09:00;19-06-25 10:00;cancelada;15804334-3;Luis Contreras;SI;Cancha Padel Techada;Santiago Centro;35000;0;;17-06-25
RES-001838;17-07-25;17-07-25 18:00;17-07-25 19:00;reservada;15562742-5;Maria Gonzalez;SI;Salon Eventos 4;Providencia;100000;0;;17-07-25
RES-001839;07-02-25;07-02-25 13:00;07-02-25 14:00;reservada;22885927-3;Luis Contreras;SI;Restaurant 2 X;La Florida;30000;0;;06-02-25
RES-001840;06-10-25;06-10-25 12:00;06-10-25 13:00;reservada;8459998-0;Maria Gonzalez;SI;Cancha Tenis Aire Libre;Santa Cruz;25000;0;;04-10-25
RES-001841;07-04-25;07-04-25 09:00;07-04-25 10:00;cancelada;23457711-5;Luis Contreras;SI;Restaurant 2;Santiago Centro;30000;0;;03-04-25
RES-001842;06-09-25;06-09-25 13:00;06-09-25 14:00;cancelada;15530992-K;Luis Contreras;SI;Cancha Tenis Techada;Santiago Centro;35000;0;;02-09-25
RES-001843;19-12-25;19-12-25;29-12-25;cancelada;17470694-8;Pedro Rojas;SI;Cabaa 13;La Florida;1200000;0;;14-12-25
RES-001844;12-09-25;12-09-25;20-09-25;reservada;15838325-K;Maria Gonzalez;SI;Cabaa 10;Santa Cruz;960000;0;;09-09-25
RES-001845;07-02-25;07-02-25;08-02-25;reservada;7884115-K;Luis Contreras;NO;Cabaa 14;Providencia;120000;0;;06-02-25
RES-001846;05-09-25;05-09-25 12:00;05-09-25 13:00;ejecutada;12080481-2;Maria Gonzalez;SI;Cancha Padel Aire Libre;Providencia;25000;25000;transferencia;04-09-25
RES-001847;16-02-25;16-02-25 19:00;16-02-25 20:00;ejecutada;22329198-8;Luis Contreras;NO;Cancha Futbolito Techada;La Florida;35000;35000;efectivo;13-02-25
RES-001848;18-06-25;18-06-25 09:00;18-06-25 10:00;ejecutada;18565989-5;Luis Contreras;SI;Cancha Padel Aire Libre;Providencia;25000;25000;efectivo;13-06-25
RES-001849;10-11-25;10-11-25;16-11-25;ejecutada;16288155-8;Ana Silva;SI;Cabaa 5;Santiago Centro;720000;720000;transferencia;05-11-25
RES-001850;13-02-25;13-02-25 11:00;13-02-25 12:00;ejecutada;15505875-9;Pedro Rojas;SI;Cancha Tenis Aire Libre;La Florida;25000;25000;transferencia;10-02-25
RES-001851;18-11-25;18-11-25 11:00;18-11-25 12:00;ejecutada;9392933-0;Pedro Rojas;SI;Salon Eventos 4;La Florida;100000;100000;transferencia;16-11-25
RES-001852;20-09-25;20-09-25 12:00;20-09-25 13:00;cancelada;13554594-5;Pedro Rojas;NO;Restaurant 2;Providencia;30000;0;;17-09-25
RES-001853;04-09-25;04-09-25 17:00;04-09-25 18:00;cancelada;10613264-K;Ana Silva;SI;Cancha Futbolito Aire Libre;Santiago Centro;25000;0;;03-09-25
RES-001854;12-10-25;12-10-25;14-10-25;reservada;16336276-7;Pedro Rojas;SI;Cabaa 10;La Florida;240000;0;;10-10-25
RES-001855;04-08-25;04-08-25;11-08-25;ejecutada;13537633-7;Maria Gonzalez;SI;Cabaa 17 X;Santiago Centro;840000;840000;efectivo;03-08-25
RES-001856;11-07-25;11-07-25;14-07-25;cancelada;11521745-3;Ana Silva;SI;Cabaa 20;Santa Cruz;360000;0;;08-07-25
RES-001857;09-02-25;09-02-25;15-02-25;cancelada;16759872-2;Ana Silva;SI;Cabaa 9;Santa Cruz;720000;0;;04-02-25
RES-001858;abc/12/25;10-09-25;17-09-25;ejecutada;21863652-7;Luis Contreras;NO;Cabaa 5 X;La Florida;840000;840000;tarjeta;09-09-25
RES-001859;16-11-25;16-11-25;19-11-25;ejecutada;19104958-6;Pedro Rojas;SI;Cabaa 9;La Florida;360000;360000;efectivo;11-11-25
RES-001860;07-01-25;07-01-25;14-01-25;reservada;20914133-7;Juan Perez;NO;Cabaa 7;La Florida;840000;0;;04-01-25
RES-001861;05-06-25;05-06-25;14-06-25;cancelada;15148285-6;Luis Contreras;NO;Cabaa 11;Santa Cruz;1080000;0;;04-06-25
RES-001862;14-01-25;14-01-25 13:00;14-01-25 14:00;cancelada;15585247-K;Pedro Rojas;NO;Cancha Padel Aire Libre;La Florida;25000;0;;09-01-25
RES-001863;03-07-25;03-07-25 15:00;03-07-25 16:00;ejecutada;17133976-6;Juan Perez;NO;Restaurant 2;Santa Cruz;30000;30000;tarjeta;02-07-25
RES-001864;01-11-25;01-11-25;03-11-25;ejecutada;18933016-2;Juan Perez;NO;Cabaa 3;Santiago Centro;240000;240000;tarjeta;31-10-25
RES-001865;06-08-25;06-08-25;13-08-25;ejecutada;17553993-5;Ana Silva;NO;Cabaa 7;Providencia;840000;840000;efectivo;01-08-25
RES-001866;09-03-25;09-03-25;16-03-25;reservada;7962885-9;Juan Perez;NO;Cabaa 12;Providencia;840000;0;;08-03-25
RES-001867;19-05-25;19-05-25;20-05-25;reservada;15807009-K;Luis Contreras;SI;Cabaa 1;La Florida;120000;0;;15-05-25
RES-001868;18-10-25;18-10-25;26-10-25;reservada;13153945-2;Maria Gonzalez;SI;Cabaa 14;Santa Cruz;960000;0;;16-10-25
RES-001869;08-05-25;08-05-25;12-05-25;reservada;12730200-6;Maria Gonzalez;SI;Cabaa 3;Providencia;480000;0;;04-05-25
RES-001870;05-10-25;05-10-25;11-10-25;ejecutada;9226402-5;Ana Silva;SI;Cabaa 18;Santiago Centro;720000;720000;tarjeta;02-10-25
RES-001871;19-12-25;19-12-25;24-12-25;reservada;18646254-8;Pedro Rojas;SI;Cabaa 7;Providencia;600000;0;;14-12-25
RES-001872;12-09-25;12-09-25 17:00;12-09-25 18:00;cancelada;12080481-2;Maria Gonzalez;SI;Cancha Padel Techada;Santa Cruz;35000;0;;08-09-25
RES-001873;13-10-25;13-10-25;22-10-25;cancelada;15505875-7;Pedro Rojas;SI;Cabaa 19;La Florida;1080000;0;;10-10-25
RES-001874;19-12-25;19-12-25 11:00;19-12-25 12:00;ejecutada;6491083-3;Pedro Rojas;SI;Cancha Padel Aire Libre;Santa Cruz;25000;25000;tarjeta;16-12-25
RES-001875;06-11-25;06-11-25 22:00;06-11-25 23:00;reservada;7607462-3;Pedro Rojas;NO;Cancha Tenis Techada;La Florida;35000;0;;04-11-25
RES-001876;13-07-25;13-07-25 18:00;13-07-25 19:00;reservada;19895777-1;Juan Perez;SI;Cancha Tenis Aire Libre;Providencia;25000;0;;13-07-25
RES-001877;08-04-25;08-04-25;11-04-25;reservada;7415624-K;Juan Perez;SI;Cabaa 5 X;Providencia;360000;0;;06-04-25
RES-001878;01-02-25;abc/12/25;03-02-25;cancelada;22256719-0;Ana Silva;NO;Cabaa 19;La Florida;240000;0;;28-01-25
RES-001879;04-04-25;04-04-25;09-04-25;cancelada;24876542-9;Maria Gonzalez;NO;Cabaa 3;Providencia;600000;0;;01-04-25
RES-001880;12-08-25;12-08-25;16-08-25;ejecutada;15807009-K;Luis Contreras;SI;Cabaa 1;Providencia;480000;480000;transferencia;07-08-25
RES-001881;20-12-25;20-12-25;25-12-25;cancelada;20672079-4;Juan Perez;SI;Cabaa 12;La Florida;600000;0;;15-12-25
RES-001882;13-07-25;13-07-25 18:00;13-07-25 19:00;cancelada;16214968-7;Luis Contreras;SI;Cancha Tenis Aire Libre;La Florida;25000;0;;08-07-25
RES-001883;08-08-25;08-08-25 11:00;08-08-25 12:00;cancelada;11862631-1;Ana Silva;SI;Cancha Tenis Techada;Providencia;35000;0;;03-08-25
RES-001884;10-02-25;10-02-25;19-02-25;ejecutada;8160344-8;Luis Contreras;NO;Cabaa 2;Providencia;1080000;1080000;transferencia;09-02-25
RES-001885;17-06-25;17-06-25;19-06-25;reservada;6835621-0;Luis Contreras;SI;Cabaa 9;Providencia;240000;0;;15-06-25
RES-001886;20-01-25;20-01-25 15:00;20-01-25 16:00;ejecutada;9087517-5;Pedro Rojas;SI;Salon Eventos 2;Santiago Centro;100000;100000;transferencia;15-01-25
RES-001887;16-03-25;16-03-25;23-03-25;reservada;20408365-4;Maria Gonzalez;SI;Cabaa 3;La Florida;840000;0;;13-03-25
RES-001888;18-07-26;20-07-26 02:30;20-07-26 03:30;reservada;22703981-4;Juan Perez;SI;Piscina 1;Santa Cruz;20000;0;;03-11-25
RES-001889;12-08-25;12-08-25 18:00;12-08-25 19:00;cancelada;19895777-1;Juan Perez;SI;Cancha Padel Aire Libre;La Florida;25000;0;;08-08-25
RES-001890;10-08-25;10-08-25 19:00;10-08-25 20:00;reservada;13288053-0;Luis;SI;Cancha Tenis Techada;La Florida;35000;0;;08-08-25
RES-001891;03-02-25;03-02-25 13:00;03-02-25 14:00;cancelada;7812836-4;Pedro Rojas;SI;Cancha Futbolito Techada;Santiago Centro;35000;0;;03-02-25
RES-001892;14-06-25;14-06-25;20-06-25;ejecutada;20672079-4;Juan Perez;NO;Cabaa 12;Providencia;720000;720000;transferencia;10-06-25
RES-001893;11-02-25;11-02-25 13:00;11-02-25 14:00;ejecutada;15505875-7;Pedro Rojas;NO;Salon Eventos 3;La Florida;100000;100000;transferencia;06-02-25
RES-001894;08-04-25;08-04-25 16:00;08-04-25 17:00;ejecutada;15040048-1;Juan Perez;NO;Cancha Padel Techada;Santa Cruz;35000;35000;transferencia;05-04-25
RES-001895;12-03-25;12-03-25 20:00;12-03-25 21:00;cancelada;14254375-3;Pedro Rojas;NO;Restaurant 1;Providencia;30000;0;;10-03-25
RES-001896;/05/25;10-07-25;15-07-25;cancelada;21217431-5;Juan Perez;SI;Cabaa 14;Santiago Centro;600000;0;;06-07-25
RES-001897;13-09-25;13-09-25 18:00;13-09-25 19:00;ejecutada;15694640-0;Maria Gonzalez;SI;Salon Eventos 1 X;Providencia;100000;100000;tarjeta;10-09-25
RES-001898;16-04-25;16-04-25 10:00;16-04-25 11:00;ejecutada;24002475-6;Luis Contreras;SI;Cancha Futbolito Aire Libre;Santiago Centro;25000;25000;efectivo;13-04-25
RES-001899;16-02-25;16-02-25 16:00;16-02-25 17:00;cancelada;12080481-2;Maria Gonzalez;SI;Piscina 2;La Florida;20000;0;;14-02-25
RES-001900;06-07-25;06-07-25 22:00;06-07-25 23:00;cancelada;24765561-1;Juan Perez;NO;Salon Eventos 4;Providencia;100000;0;;05-07-25
RES-001901;01-11-25;01-11-25;11-11-25;cancelada;10905503-4;Pedro Rojas;NO;Cabaa 11;La Florida;1200000;0;;28-10-25
RES-001902;05-04-25;05-04-25 15:00;05-04-25 16:00;ejecutada;5149595-0;Maria Gonzalez;NO;Cancha Basquetbol Techada;La Florida;35000;35000;transferencia;04-04-25
RES-001903;13-04-25;13-04-25 09:00;13-04-25 10:00;reservada;18728677-8;Juan Perez;SI;Piscina 2;Santiago Centro;20000;0;;12-04-25
RES-001904;06-08-25;06-08-25 09:00;06-08-25 10:00;reservada;6946141-7;Ana Silva;SI;Salon Eventos 1;Santa Cruz;100000;0;;06-08-25
RES-001905;20-05-25;20-05-25;25-05-25;cancelada;15121060-0;Ana Silva;NO;Cabaa 10;Providencia;600000;0;;15-05-25
RES-001906;13-11-25;13-11-25 16:00;13-11-25 17:00;cancelada;6353165-0;Ana Silva;NO;Cancha Basquetbol Aire Libre;Providencia;25000;0;;08-11-25
RES-001907;13-04-25;13-04-25;16-04-25;ejecutada;11727551-5;Maria Gonzalez;NO;Cabaa 5;Providencia;360000;360000;tarjeta;08-04-25
RES-001908;15-02-25;15-02-25;22-02-25;cancelada;13953163-9;Juan Perez;SI;Cabaa 16;Santiago Centro;840000;0;;10-02-25
RES-001909;04-11-25;/05/25;06-11-25;ejecutada;18728677-4;Juan Perez;NO;Cabaa 20;Providencia;240000;240000;tarjeta;01-11-25
RES-001910;02-05-25;02-05-25;/05/25;reservada;9203394-6;Luis Contreras;SI;Cabaa 18;Providencia;600000;0;;01-05-25
RES-001911;06-08-25;06-08-25;08-08-25;ejecutada;17213598-6;Pedro Rojas;SI;Cabaa 7;Providencia;240000;240000;tarjeta;03-08-25
RES-001912;14-11-25;14-11-25;21-11-25;reservada;20078438-3;Ana Silva;NO;Cabaa 9;Santa Cruz;840000;0;;09-11-25
RES-001913;12-10-25;12-10-25 13:00;12-10-25 14:00;ejecutada;16094679-2;Ana Silva;NO;Salon Eventos 1;Providencia;100000;100000;efectivo;09-10-25
RES-001914;01-06-25;01-06-25;05-06-25;ejecutada;5645014-9;Pedro Rojas;SI;Cabaa 15;La Florida;480000;480000;transferencia;01-06-25
RES-001915;09-08-25;09-08-25;15-08-25;ejecutada;9039992-6;Ana Silva;NO;Cabaa 20;Santiago Centro;720000;720000;efectivo;09-08-25
RES-001916;03-02-25;03-02-25 22:00;03-02-25 23:00;reservada;15293763-6;Luis Contreras;SI;Cancha Tenis Techada;La Florida;35000;0;;02-02-25
RES-001917;11-05-25;11-05-25;18-05-25;reservada;10289799-4;Maria Gonzalez;SI;Cabaa 16;Santa Cruz;840000;0;;06-05-25
RES-001918;01-04-25;01-04-25 20:00;01-04-25 21:00;cancelada;10837704-6;Pedro Rojas;SI;Salon Eventos 1;Providencia;100000;0;;28-03-25
RES-001919;06-03-25;06-03-25 14:00;06-03-25 15:00;ejecutada;12192627-K;Pedro Rojas;SI;Cancha Padel Techada;La Florida;35000;35000;efectivo;02-03-25
RES-001920;14-04-25;14-04-25;14-04-25 15:00;cancelada;9087517-5;Pedro Rojas;NO;Cancha Basquetbol Aire Libre;La Florida;25000;0;;12-04-25
RES-001921;12-10-25;12-10-25 15:00;12-10-25 16:00;ejecutada;15345989-4;Pedro Rojas;NO;Cancha Padel Techada;Santiago Centro;35000;35000;tarjeta;08-10-25
RES-001922;05-03-25;05-03-25;05-03-25 16:00;reservada;17647891-8;Maria Gonzalez;SI;Cancha Tenis Techada;La Florida;35000;0;;01-03-25
RES-001923;08-09-25;08-09-25;08-09-25 20:00;ejecutada;11219981-0;Pedro Rojas;NO;Cancha Padel Techada;Santiago Centro;35000;35000;transferencia;04-09-25
RES-001924;01-04-25;01-04-25;05-04-25;ejecutada;14504614-9;Juan Perez;SI;Cabaa 19;Providencia;480000;480000;tarjeta;30-03-25
RES-001925;17-11-25;17-11-25;25-11-25;reservada;6614380-5;Luis Contreras;SI;Cabaa 11;Providencia;960000;0;;14-11-25
RES-001926;10-06-25;10-06-25 08:00;10-06-25 09:00;ejecutada;17502418-2;Luis;NO;Salon Eventos 2;Santa Cruz;100000;100000;tarjeta;05-06-25
RES-001927;08-11-25;08-11-25 22:00;08-11-25 23:00;cancelada;12892449-3;Pedro;NO;Restaurant 2;Providencia;30000;0;;04-11-25
RES-001928;14-11-25;14-11-25 19:00;14-11-25 20:00;reservada;20086756-4;Maria Gonzalez;NO;Salon Eventos 1;Santiago Centro;100000;0;;10-11-25
RES-001929;14-09-25;14-09-25 19:00;14-09-25 20:00;ejecutada;13014055-6;Maria Gonzalez;SI;Cancha Padel Techada;Santiago Centro;35000;35000;transferencia;11-09-25
RES-001930;12-10-25;12-10-25 11:00;12-10-25 12:00;ejecutada;17931290-5;Juan Perez;NO;Cancha Tenis Techada;Santiago Centro;35000;35000;tarjeta;12-10-25
RES-001931;19-04-25;19-04-25;19-04-25 17:00;reservada;10238227-7;Ana Silva;SI;Cancha Basquetbol Aire Libre;Providencia;25000;0;;16-04-25
RES-001932;04-06-25;04-06-25;14-06-25;cancelada;17553993-K;Ana Silva;NO;Cabaa 12;La Florida;1200000;0;;31-05-25
RES-001933;09-03-25;09-03-25;10-03-25;ejecutada;5204506-1;Ana Silva;SI;Cabaa 14 X;La Florida;120000;120000;transferencia;08-03-25
RES-001934;14-10-25;14-10-25;16-10-25;cancelada;11862631-1;Ana Silva;NO;Cabaa 1;Providencia;240000;0;;09-10-25
RES-001935;06-01-25;06-01-25;06-01-25 15:00;cancelada;22361904-5;Maria Gonzalez;NO;Salon Eventos 3 X;Santiago Centro;100000;0;;05-01-25
RES-001936;19-08-25;19-08-25;20-08-25;reservada;20086756-4;Maria Gonzalez;SI;Cabaa 16;La Florida;120000;0;;19-08-25
RES-001937;17-07-25;17-07-25;25-07-25;ejecutada;8722237-3;Juan Perez;SI;Cabaa 11;Santa Cruz;960000;960000;transferencia;13-07-25
RES-001938;01-09-25;01-09-25;08-09-25;cancelada;24795565-8;Luis Contreras;NO;Cabaa 4;Santa Cruz;840000;0;;01-09-25
RES-001939;18-12-25;18-12-25 13:00;18-12-25 14:00;cancelada;7130867-7;Luis Contreras;SI;Cancha Padel Aire Libre;Santiago Centro;25000;0;;16-12-25
RES-001940;13-12-25;13-12-25;20-12-25;reservada;9712455-8;Pedro Rojas;SI;Cabaa 18;La Florida;840000;0;;13-12-25
RES-001941;18-11-25;18-11-25;27-11-25;reservada;9842967-0;Luis Contreras;SI;Cabaa 3;Providencia;1080000;0;;14-11-25
RES-001942;17-10-25;17-10-25;25-10-25;reservada;15916589-2;Luis Contreras;SI;Cabaa 5;Santa Cruz;960000;0;;13-10-25
RES-001943;12-09-25;12-09-25 19:00;12-09-25 20:00;reservada;5983819-9;Ana Silva;NO;Cancha Tenis Techada;Providencia;35000;0;;12-09-25
RES-001944;10-11-25;10-11-25;18-11-25;ejecutada;23498184-6;Juan Perez;SI;Cabaa 14;Santa Cruz;960000;960000;tarjeta;08-11-25
RES-001945;09-05-25;09-05-25;11-05-25;reservada;16487089-8;Ana Silva;SI;Cabaa 18;Providencia;240000;0;;09-05-25
RES-001946;14-02-25;14-02-25 13:00;14-02-25 14:00;cancelada;11277963-9;Juan Perez;NO;Piscina 2;Santiago Centro;20000;0;;13-02-25
RES-001947;16-12-25;16-12-25;19-12-25;cancelada;24967582-2;Maria Gonzalez;NO;Cabaa 2;La Florida;360000;0;;15-12-25
RES-001948;15-04-25;15-04-25;23-04-25;ejecutada;18910856-7;Maria Gonzalez;NO;Cabaa 5;La Florida;960000;960000;tarjeta;15-04-25
RES-001949;15-06-25;15-06-25;16-06-25;ejecutada;7500349-8;Pedro Rojas;SI;Cabaa 1;La Florida;120000;120000;transferencia;13-06-25
RES-001950;08-08-25;08-08-25;09-08-25;cancelada;7781298-9;Pedro Rojas;NO;Cabaa 13;Providencia;120000;0;;08-08-25
RES-001951;17-04-25;17-04-25;18-04-25;ejecutada;9108775-8;Ana Silva;SI;Cabaa 14;Santiago Centro;120000;120000;efectivo;13-04-25
RES-001952;15-06-25;15-06-25;16-06-25;reservada;8309406-0;Luis Contreras;SI;Cabaa 8;Providencia;120000;0;;11-06-25
RES-001953;10-09-25;10-09-25;20-09-25;cancelada;17674128-7;Pedro Rojas;NO;Cabaa 20;Providencia;1200000;0;;05-09-25
RES-001954;01-10-25;01-10-25 18:00;01-10-25 19:00;cancelada;10981983-5;Pedro Rojas;SI;Cancha Tenis Aire Libre;Providencia;25000;0;;30-09-25
RES-001955;09-11-25;09-11-25 14:00;09-11-25 15:00;ejecutada;21773123-2;Luis Contreras;NO;Cancha Basquetbol Techada;Santiago Centro;35000;35000;efectivo;09-11-25
RES-001956;03-07-25;03-07-25 22:00;03-07-25 23:00;cancelada;7584304-6;Ana Silva;SI;Piscina 1;Santa Cruz;20000;0;;03-07-25
RES-001957;16-07-25;16-07-25;26-07-25;ejecutada;8488042-6;Juan Perez;SI;Cabaa 7;La Florida;1200000;1200000;tarjeta;16-07-25
RES-001958;17-03-25;17-03-25 15:00;17-03-25 16:00;reservada;21287925-8;Ana Silva;NO;Cancha Futbolito Aire Libre;Santa Cruz;25000;0;;16-03-25
RES-001959;11-07-25;11-07-25;19-07-25;ejecutada;18086493-8;Maria Gonzalez;NO;Cabaa 7;La Florida;960000;960000;tarjeta;10-07-25
RES-001960;01-01-25;01-01-25;02-01-25;ejecutada;19407837-4;Ana Silva;SI;Cabaa 16;Providencia;120000;120000;efectivo;28-12-24
RES-001961;16-07-25;16-07-25 18:00;16-07-25 19:00;ejecutada;18065705-3;Maria Gonzalez;NO;Salon Eventos 3;La Florida;100000;100000;efectivo;14-07-25
RES-001962;03-02-25;03-02-25 15:00;03-02-25 16:00;cancelada;24471464-0;Luis Contreras;SI;Cancha Padel Aire Libre;La Florida;25000;0;;02-02-25
RES-001963;14-05-25;14-05-25 20:00;14-05-25 21:00;ejecutada;8482497-6;Ana Silva;SI;Salon Eventos 3;La Florida;100000;100000;transferencia;11-05-25
RES-001964;11-01-25;11-01-25 15:00;11-01-25 16:00;cancelada;10645717-4;Pedro Rojas;NO;Cancha Tenis Techada;La Florida;35000;0;;11-01-25
RES-001965;11-03-25;11-03-25;19-03-25;ejecutada;21821683-8;Maria Gonzalez;SI;Cabaa 3;Santa Cruz;960000;960000;transferencia;10-03-25
RES-001966;16-11-25;16-11-25;25-11-25;reservada;15120266-7;Juan Perez;NO;Cabaa 19;Providencia;1080000;0;;16-11-25
RES-001967;15-10-25;15-10-25;25-10-25;cancelada;5475559-7;Luis Contreras;NO;Cabaa 7;Santiago Centro;1200000;0;;12-10-25
RES-001968;01-02-25;01-02-25 12:00;01-02-25 13:00;reservada;7812836-4;Pedro Rojas;SI;Salon Eventos 2;Providencia;100000;0;;29-01-25
RES-001969;20-09-25;20-09-25;23-09-25;cancelada;6261507-9;Luis Contreras;SI;Cabaa 1;Santiago Centro;360000;0;;15-09-25
RES-001970;06-02-25;06-02-25;09-02-25;cancelada;16114575-0;Luis Contreras;NO;Cabaa 11;Santa Cruz;360000;0;;06-02-25
RES-001971;07-04-25;07-04-25;09-04-25;cancelada;20844789-0;Juan Perez;NO;Cabaa 19;Santiago Centro;240000;0;;05-04-25
RES-001972;08-05-25;08-05-25 19:00;08-05-25 20:00;cancelada;13554594-5;Pedro Rojas;NO;Cancha Padel Techada;La Florida;35000;0;;06-05-25
RES-001973;14-05-25;14-05-25 19:00;14-05-25 20:00;ejecutada;7781298-9;Pedro Rojas;NO;Piscina 1;Santa Cruz;20000;20000;tarjeta;13-05-25
RES-001974;17-01-25;17-01-25;19-01-25;reservada;16953331-8;Pedro Rojas;NO;Cabaa 8;Santa Cruz;240000;0;;15-01-25
RES-001975;09-08-25;09-08-25 10:00;09-08-25 11:00;cancelada;12887828-9;Maria Gonzalez;SI;Cancha Padel Aire Libre;Providencia;25000;0;;08-08-25
RES-001976;09-03-25;09-03-25;16-03-25;cancelada;22287381-9;Ana Silva;NO;Cabaa 19;Providencia;840000;0;;06-03-25
RES-001977;18-09-25;18-09-25 21:00;18-09-25 22:00;ejecutada;10934689-6;Pedro Rojas;SI;Piscina 2;Santiago Centro;20000;20000;efectivo;18-09-25
RES-001978;15-07-25;15-07-25;22-07-25;reservada;23811418-7;Maria Gonzalez;NO;Cabaa 7;La Florida;840000;0;;13-07-25
RES-001979;10-12-25;10-12-25;12-12-25;reservada;21296743-2;Pedro Rojas;SI;Cabaa 14;Santa Cruz;240000;0;;09-12-25
RES-001980;11-06-25;11-06-25 16:00;11-06-25 17:00;cancelada;8954537-4;Luis Contreras;SI;Cancha Padel Aire Libre;Providencia;25000;0;;11-06-25
RES-001981;02-06-25;02-06-25 20:00;02-06-25 21:00;ejecutada;10905503-4;Pedro Rojas;SI;Piscina 2;La Florida;20000;20000;efectivo;30-05-25
RES-001982;06-02-25;06-02-25;08-02-25;ejecutada;8805000-2;Maria Gonzalez;SI;Cabaa 18;Santa Cruz;240000;240000;tarjeta;03-02-25
RES-001983;07-05-25;07-05-25;11-05-25;reservada;8223654-6;Ana Silva;NO;Cabaa 8;Santiago Centro;480000;0;;02-05-25
RES-001984;01-01-25;01-01-25;04-01-25;ejecutada;18565989-5;Luis Contreras;SI;Cabaa 17;Santa Cruz;360000;360000;transferencia;27-12-24
RES-001985;01-10-25;01-10-25;02-10-25;reservada;16564154-K;Juan Perez;SI;Cabaa 3 X;Santa Cruz;120000;0;;01-10-25
RES-001986;05-08-25;05-08-25;05-08-25 11:00;cancelada;11738535-3;Maria Gonzalez;NO;Salon Eventos 1 X;Santiago Centro;100000;0;;04-08-25
RES-001987;07-01-25;07-01-25;08-01-25;reservada;6126625-9;Maria Gonzalez;NO;Cabaa 5;Providencia;120000;0;;05-01-25
RES-001988;10-01-25;10-01-25 09:00;10-01-25 10:00;reservada;7660832-6;Pedro Rojas;NO;Piscina 1;Santa Cruz;20000;0;;07-01-25
RES-001989;16-02-25;16-02-25;19-02-25;reservada;9104379-3;Luis Contreras;NO;Cabaa 2;Santiago Centro;360000;0;;15-02-25
RES-001990;01-01-25;01-01-25 14:00;01-01-25 15:00;cancelada;10934689-6;Pedro Rojas;NO;Salon Eventos 1;Santiago Centro;100000;0;;27-12-24
RES-001991;17-09-25;17-09-25 19:00;17-09-25 20:00;reservada;15293763-6;Luis Contreras;NO;Cancha Basquetbol Aire Libre;La Florida;25000;0;;16-09-25
RES-001992;08-04-25;08-04-25;10-04-25;reservada;14427366-4;Luis Contreras;NO;Cabaa 12;La Florida;240000;0;;05-04-25
RES-001993;05-02-25;05-02-25 08:00;05-02-25 09:00;cancelada;18965892-3;Juan Perez;NO;Cancha Futbolito Aire Libre;Providencia;25000;0;;02-02-25
RES-001994;04-10-25;04-10-25 17:00;04-10-25 18:00;reservada;18426969-4;Pedro Rojas;SI;Salon Eventos 1;La Florida;100000;0;;30-09-25
RES-001995;13-06-25;13-06-25;17-06-25;cancelada;9226402-5;Ana Silva;SI;Cabaa 15;Providencia;480000;0;;13-06-25
RES-001996;11-01-25;11-01-25;17-01-25;reservada;21554696-9;Maria Gonzalez;NO;Cabaa 9;Santiago Centro;720000;0;;11-01-25
RES-001997;04-07-25;04-07-25;12-07-25;reservada;20928234-8;Pedro Rojas;NO;Cabaa 15;Providencia;960000;0;;29-06-25
RES-001998;05-05-25;05-05-25;09-05-25;reservada;10701917-0;Pedro Rojas;NO;Cabaa 12;Santa Cruz;480000;0;;01-05-25
RES-001999;03-01-25;03-01-25;08-01-25;cancelada;17911506-9;Pedro Rojas;NO;Cabaa 13;Santiago Centro;600000;0;;01-01-25
RES-002000;17-10-25;17-10-25;23-10-25;ejecutada;17294352-7;Ana Silva;NO;Cabaa 17;Santa Cruz;720000;720000;transferencia;13-10-25
